<?xml version="1.0" encoding="ISO-8859-1"?>
<SIMPLE NAME="4to1Compress" PREFERREDNUMBERFORMAT="Hexadecimal" PREFERREDCYCLELENGTH="10">
    <PARAMETERS/>
    <FORMS>
        <LINE COLOR="#000000" FROMX="80" FROMY="50" TOX="90" TOY="50">
            <STROKE/>
        </LINE>
        <LINE COLOR="#000000" FROMX="80" FROMY="90" TOX="90" TOY="90">
            <STROKE/>
        </LINE>
        <LINE COLOR="#000000" FROMX="80" FROMY="70" TOX="90" TOY="70">
            <STROKE/>
        </LINE>
        <LINE COLOR="#000000" FROMX="90" FROMY="50" TOX="90" TOY="110">
            <STROKE LINEWIDTH="2.0"/>
        </LINE>
        <LINE COLOR="#000000" FROMX="90" FROMY="110" TOX="100" TOY="110">
            <STROKE LINEWIDTH="3.0"/>
        </LINE>
        <LINE COLOR="#000000" FROMX="90" FROMY="110" TOX="80" TOY="110">
            <STROKE/>
        </LINE>
    </FORMS>
    <IO>
        <INPUT BITS="1" SIGNED="false" POSX="80.0" POSY="110.0" NAME="a3">
            <LABEL POSX="-10.0" POSY="0.0" HALIGN="RIGHT" VALIGN="CENTER"/>
        </INPUT>
        <INPUT BITS="1" SIGNED="false" POSX="80.0" POSY="90.0" NAME="a2">
            <LABEL POSX="-10.0" POSY="0.0" HALIGN="RIGHT" VALIGN="CENTER"/>
        </INPUT>
        <INPUT BITS="1" SIGNED="false" POSX="80.0" POSY="70.0" NAME="a1">
            <LABEL POSX="-10.0" POSY="0.0" HALIGN="RIGHT" VALIGN="CENTER"/>
        </INPUT>
        <INPUT BITS="1" SIGNED="false" POSX="80.0" POSY="50.0" NAME="a0">
            <LABEL POSX="-10.0" POSY="-10.0" HALIGN="RIGHT" VALIGN="CENTER"/>
        </INPUT>
        <OUTPUT BITS="4" SIGNED="false" POSX="100.0" POSY="110.0" NAME="A">
            <LABEL POSX="10.0" POSY="0.0" HALIGN="LEFT" VALIGN="CENTER"/>
        </OUTPUT>
    </IO>
    <MEMORY/>
    <INTERNALS DELAY="1">
        <ACTION EVENT="INPUT_CHANGE">{
 A = (0d4 bit)a0 + ((0d4 bit)a1 &lt;&lt; 0d1) + 
((0d4 bit)a2 &lt;&lt; 0d2) + ((0d4 bit)a3 &lt;&lt; 0d3);
}</ACTION>
    </INTERNALS>
</SIMPLE>
