<?xml version="1.0" encoding="ISO-8859-1"?>
<SIMPLE NAME="Full adder" PREFERREDNUMBERFORMAT="Hexadecimal" PREFERREDCYCLELENGTH="10">
    <PARAMETERS/>
    <FORMS>
        <RECTANGLE COLOR="#000000" POSX="70.0" POSY="40.0" WIDTH="50.0"
            HEIGHT="60.0" RADIUSX="10.0" RADIUSY="10.0">
            <STROKE LINEWIDTH="2.0"/>
        </RECTANGLE>
        <TEXT POSX="95.0" POSY="60.0" HALIGN="CENTER" VALIGN="CENTER"
            COLOR="#000000" FONT="Serif,plain,14.0">Full
adder</TEXT>
    </FORMS>
    <IO>
        <INPUT BITS="1" SIGNED="false" POSX="70.0" POSY="50.0" NAME="a">
            <LABEL POSX="-10.0" POSY="0.0" HALIGN="RIGHT" VALIGN="CENTER"/>
        </INPUT>
        <INPUT BITS="1" SIGNED="false" POSX="70.0" POSY="70.0" NAME="b">
            <LABEL POSX="-10.0" POSY="0.0" HALIGN="RIGHT" VALIGN="CENTER"/>
        </INPUT>
        <OUTPUT BITS="1" SIGNED="false" POSX="120.0" POSY="90.0" NAME="carry">
            <LABEL POSX="10.0" POSY="0.0" HALIGN="LEFT" VALIGN="CENTER"/>
        </OUTPUT>
        <OUTPUT BITS="1" SIGNED="false" POSX="120.0" POSY="50.0" NAME="sum">
            <LABEL POSX="10.0" POSY="0.0" HALIGN="LEFT" VALIGN="CENTER"/>
        </OUTPUT>
        <INPUT BITS="1" SIGNED="false" POSX="70.0" POSY="90.0" NAME="ci">
            <LABEL POSX="-10.0" POSY="0.0" HALIGN="RIGHT" VALIGN="CENTER"/>
        </INPUT>
    </IO>
    <MEMORY/>
    <INTERNALS DELAY="2">
        <ACTION EVENT="INPUT_CHANGE">{
  carry = (a &amp;&amp; b) || (a &amp;&amp; ci) || (b &amp;&amp; ci);
  sum = a ^ b ^ ci;
}</ACTION>
    </INTERNALS>
</SIMPLE>
