<?xml version="1.0" encoding="UTF-8"?>
<SIMPLE NAME="3-inputAND" PREFERREDNUMBERFORMAT="Hexadecimal" PREFERREDCYCLELENGTH="10">
    <PARAMETERS/>
    <FORMS>
        <RECTANGLE COLOR="#000000" POSX="120.0" POSY="20.0" WIDTH="40.0"
            HEIGHT="60.0" RADIUSX="0.0" RADIUSY="0.0">
            <STROKE LINEWIDTH="1.0"/>
        </RECTANGLE>
        <LINE COLOR="#000000" FROMX="110" FROMY="30" TOX="120" TOY="30">
            <STROKE LINEWIDTH="1.0"/>
        </LINE>
        <LINE COLOR="#000000" FROMX="110" FROMY="50" TOX="120" TOY="50">
            <STROKE LINEWIDTH="1.0"/>
        </LINE>
        <LINE COLOR="#000000" FROMX="110" FROMY="70" TOX="120" TOY="70">
            <STROKE LINEWIDTH="1.0"/>
        </LINE>
        <LINE COLOR="#000000" FROMX="170" FROMY="50" TOX="160" TOY="50">
            <STROKE LINEWIDTH="1.0"/>
        </LINE>
        <TEXT POSX="135.0" POSY="35.0" HALIGN="CENTER" VALIGN="CENTER"
            COLOR="#000000" FONT="DialogInput,plain,18.0">&amp;</TEXT>
    </FORMS>
    <IO>
        <INPUT BITS="1" SIGNED="false" POSX="110.0" POSY="30.0" NAME="v">
            <LABEL POSX="-10.0" POSY="0.0" HALIGN="RIGHT" VALIGN="CENTER"/>
        </INPUT>
        <INPUT BITS="1" SIGNED="false" POSX="110.0" POSY="50.0" NAME="w">
            <LABEL POSX="-10.0" POSY="0.0" HALIGN="RIGHT" VALIGN="CENTER"/>
        </INPUT>
        <INPUT BITS="1" SIGNED="false" POSX="110.0" POSY="70.0" NAME="x">
            <LABEL POSX="-10.0" POSY="0.0" HALIGN="RIGHT" VALIGN="CENTER"/>
        </INPUT>
        <OUTPUT BITS="1" SIGNED="false" POSX="170.0" POSY="50.0" NAME="Z">
            <LABEL POSX="10.0" POSY="0.0" HALIGN="LEFT" VALIGN="CENTER"/>
        </OUTPUT>
    </IO>
    <MEMORY/>
    <INTERNALS DELAY="1">
        <ACTION EVENT="INPUT_CHANGE">Z = v &amp;&amp; w &amp;&amp; x;</ACTION>
    </INTERNALS>
</SIMPLE>
