<?xml version="1.0" encoding="ISO-8859-1"?>
<SIMPLE NAME="Adder" PREFERREDNUMBERFORMAT="Hexadecimal" PREFERREDCYCLELENGTH="10">
    <PARAMETERS/>
    <FORMS>
        <POLYGON COLOR="#333333">
            <STROKE LINEWIDTH="2.0"/>
            <POINT POSX="-20.0" POSY="-20.0"/>
            <POINT POSX="10.0" POSY="-10.0"/>
            <POINT POSX="10.0" POSY="10.0"/>
            <POINT POSX="-20.0" POSY="20.0"/>
            <POINT POSX="-20.0" POSY="10.0"/>
            <POINT POSX="-12.0" POSY="0.0"/>
            <POINT POSX="-20.0" POSY="-10.0"/>
            <POINT POSX="-20.0" POSY="-20.0"/>
            <POINT POSX="-20.0" POSY="-20.0"/>
        </POLYGON>
        <TEXT POSX="-2.0" POSY="-2.0" HALIGN="CENTER" VALIGN="CENTER"
            COLOR="#000000" FONT="Dialog,plain,10.0">Add</TEXT>
    </FORMS>
    <IO>
        <INPUT BITS="16" SIGNED="false" POSX="-20.0" POSY="-15.0" NAME="Arg0">
            <LABEL POSX="-10.0" POSY="0.0" HALIGN="RIGHT" VALIGN="CENTER"/>
        </INPUT>
        <INPUT BITS="16" SIGNED="true" POSX="-20.0" POSY="15.0" NAME="Arg1">
            <LABEL POSX="-10.0" POSY="0.0" HALIGN="RIGHT" VALIGN="CENTER"/>
        </INPUT>
        <OUTPUT BITS="16" SIGNED="false" POSX="10.0" POSY="0.0" NAME="Sum">
            <LABEL POSX="10.0" POSY="0.0" HALIGN="LEFT" VALIGN="CENTER"/>
        </OUTPUT>
    </IO>
    <MEMORY/>
    <INTERNALS DELAY="1">
        <ACTION EVENT="INPUT_CHANGE">
			Sum = Arg0 + Arg1;
		</ACTION>
    </INTERNALS>
</SIMPLE>
