<?xml version="1.0" encoding="ISO-8859-1"?>
<SIMPLE NAME="Data Memory" PREFERREDNUMBERFORMAT="Hexadecimal" PREFERREDCYCLELENGTH="10">
    <PARAMETERS/>
    <FORMS>
        <RECTANGLE COLOR="#333333" POSX="-40.0" POSY="-45.0"
            WIDTH="80.0" HEIGHT="100.0" RADIUSX="15.0" RADIUSY="15.0">
            <STROKE LINEWIDTH="2.0"/>
        </RECTANGLE>
        <TEXT POSX="0.0" POSY="-5.0" HALIGN="CENTER" VALIGN="CENTER"
            COLOR="#000000" FONT="Dialog,plain,14.0">
			Data
		</TEXT>
        <TEXT POSX="0.0" POSY="10.0" HALIGN="CENTER" VALIGN="CENTER"
            COLOR="#000000" FONT="Dialog,plain,14.0">
			Memory
		</TEXT>
        <TEXT POSX="-10.0" POSY="-20.0" HALIGN="CENTER" VALIGN="CENTER"
            COLOR="#000000" FONT="Dialog,plain,12.0">
			Address
		</TEXT>
        <TEXT POSX="-20.0" POSY="30.0" HALIGN="CENTER" VALIGN="CENTER"
            COLOR="#000000" FONT="Dialog,plain,12.0">
			Data
		</TEXT>
    </FORMS>
    <IO>
        <INPUT BITS="16" SIGNED="false" POSX="-40.0" POSY="-20.0" NAME="Address">
            <LABEL POSX="-10.0" POSY="0.0" HALIGN="RIGHT" VALIGN="CENTER"/>
        </INPUT>
        <INPUT BITS="16" SIGNED="false" POSX="-40.0" POSY="30.0" NAME="WriteData">
            <LABEL POSX="-10.0" POSY="0.0" HALIGN="RIGHT" VALIGN="CENTER"/>
        </INPUT>
        <INPUT BITS="1" SIGNED="false" POSX="0.0" POSY="-45.0" NAME="MemWrite">
            <LABEL POSX="-10.0" POSY="0.0" HALIGN="RIGHT" VALIGN="CENTER"/>
        </INPUT>
        <OUTPUT BITS="16" SIGNED="false" POSX="40.0" POSY="5.0" NAME="ReadData">
            <LABEL POSX="10.0" POSY="0.0" HALIGN="LEFT" VALIGN="CENTER"/>
        </OUTPUT>
    </IO>
    <MEMORY>
        <STORAGE NAME="Memory" SIZE="512" BITS="16" SIGNED="false"/>
    </MEMORY>
    <INTERNALS DELAY="10">
        <ACTION EVENT="INPUT_CHANGE">// Datamemory, geindexeerd per word (i.t.t. per byte),
// zoals het natuurlijk ook hoort!

// Lees alleen als het adres laag genoeg is
// (voorkomt out of bound error)
if (Address &lt; 0d512) {
	ReadData = 	Memory[Address];
}

		</ACTION>
        <ACTION EVENT="CLOCK_FALLING">if (MemWrite &amp;&amp; Address &lt; 0d512) {
	Memory[Address] = WriteData;
	ReadData = WriteData;
}</ACTION>
    </INTERNALS>
</SIMPLE>
