<?xml version="1.0" encoding="ISO-8859-1"?>
<COMPLEX NAME="16 bit Harvard ProcessorDirectMappedCache"
    PREFERREDNUMBERFORMAT="Hexadecimal" PREFERREDCYCLELENGTH="100">
    <PARAMETERS/>
    <FORMS>
        <TEXT POSX="345.0" POSY="0.0" HALIGN="CENTER" VALIGN="BOTTOM"
            COLOR="#000000" FONT="Dialog,plain,12.0">16 bit Harvard Architecture
with direct mapped write-through cache</TEXT>
        <TEXT POSX="490.0" POSY="138.0" HALIGN="LEFT" VALIGN="CENTER"
            COLOR="#0000FF" FONT="Dialog,plain,12.0">Branch</TEXT>
        <TEXT POSX="630.0" POSY="180.0" HALIGN="LEFT" VALIGN="CENTER"
            COLOR="#0000FF" FONT="Dialog,plain,12.0">Mem
Write</TEXT>
        <TEXT POSX="165.0" POSY="50.0" HALIGN="RIGHT" VALIGN="CENTER"
            COLOR="#0000FF" FONT="Dialog,plain,12.0">Opcode</TEXT>
        <TEXT POSX="250.0" POSY="130.0" HALIGN="CENTER" VALIGN="CENTER"
            COLOR="#000000" FONT="Dialog,plain,11.0">Immediate/Address/Offset</TEXT>
        <TEXT POSX="503.0" POSY="217.0" HALIGN="CENTER" VALIGN="CENTER"
            COLOR="#FF0000" FONT="Dialog,plain,12.0">Zero</TEXT>
        <TEXT POSX="455.0" POSY="180.0" HALIGN="RIGHT" VALIGN="BOTTOM"
            COLOR="#0000FF" FONT="Dialog,plain,12.0">ALUOp</TEXT>
        <TEXT POSX="386.0" POSY="213.0" HALIGN="CENTER" VALIGN="CENTER"
            COLOR="#0000FF" FONT="Dialog,plain,12.0">SecReg</TEXT>
        <TEXT POSX="451.0" POSY="313.0" HALIGN="RIGHT" VALIGN="CENTER"
            COLOR="#0000FF" FONT="Dialog,plain,12.0">Mem&#x2192;Reg</TEXT>
        <TEXT POSX="277.0" POSY="163.0" HALIGN="LEFT" VALIGN="CENTER"
            COLOR="#0000FF" FONT="Dialog,plain,12.0">RegWrite</TEXT>
        <TEXT POSX="80.0" POSY="150.0" HALIGN="CENTER" VALIGN="BOTTOM"
            COLOR="#FF0000" FONT="Dialog,plain,12.0">Load PC</TEXT>
        <TEXT POSX="90.0" POSY="300.0" HALIGN="CENTER" VALIGN="TOP"
            COLOR="#FF00FF" FONT="Dialog,plain,12.0">Advance PC</TEXT>
        <TEXT POSX="590.0" POSY="180.0" HALIGN="RIGHT" VALIGN="CENTER"
            COLOR="#0000FF" FONT="Dialog,plain,12.0">Mem
Read</TEXT>
    </FORMS>
    <IO>
        <OUTPUT BITS="1" SIGNED="false" POSX="80.0" POSY="30.0" NAME="Clock">
            <LABEL POSX="15.0" POSY="0.0" HALIGN="LEFT" VALIGN="CENTER"/>
        </OUTPUT>
    </IO>
    <SUBCOMPONENTS>
        <SUBCOMPONENT NAME="PC" DATA="pc.xml" POSX="20.0" POSY="230.0"
            ZOOM="1.0" FLIP="NONE">
            <PARAMETERVALS/>
            <STUBS>
                <STUB POSX="10.0" POSY="0.0" PIN="Out"/>
                <STUB POSX="-10.0" POSY="0.0" PIN="In"/>
                <STUB POSX="0.0" POSY="-20.0" PIN="LOAD"/>
                <STUB POSX="0.0" POSY="20.0" PIN="Advance"/>
            </STUBS>
        </SUBCOMPONENT>
        <SUBCOMPONENT NAME="Instruction Memory"
            DATA="InstructionMemory.xml" POSX="110.0" POSY="220.0"
            ZOOM="1.0" FLIP="NONE">
            <PARAMETERVALS/>
            <STUBS>
                <STUB POSX="-40.0" POSY="10.0" PIN="Address"/>
                <STUB POSX="40.0" POSY="10.0" PIN="Data"/>
            </STUBS>
        </SUBCOMPONENT>
        <SUBCOMPONENT NAME="Registers" DATA="Registers.xml" POSX="270.0"
            POSY="220.0" ZOOM="1.0" FLIP="NONE">
            <PARAMETERVALS/>
            <STUBS>
                <STUB POSX="-50.0" POSY="-10.0" PIN="Read1"/>
                <STUB POSX="-50.0" POSY="-30.0" PIN="Read0"/>
                <STUB POSX="-50.0" POSY="30.0" PIN="WriteReg"/>
                <STUB POSX="50.0" POSY="-20.0" PIN="Reg0"/>
                <STUB POSX="50.0" POSY="45.0" PIN="Reg1"/>
                <STUB POSX="-50.0" POSY="50.0" PIN="WriteData"/>
                <STUB POSX="0.0" POSY="-45.0" PIN="RegWrite"/>
            </STUBS>
        </SUBCOMPONENT>
        <SUBCOMPONENT NAME="Branch Adder" DATA="Adder.xml" POSX="420.0"
            POSY="120.0" ZOOM="1.0" FLIP="NONE">
            <PARAMETERVALS/>
            <STUBS>
                <STUB POSX="-20.0" POSY="20.0" PIN="Arg1"/>
                <STUB POSX="-20.0" POSY="-20.0" PIN="Arg0"/>
                <STUB POSX="20.0" POSY="0.0" PIN="Sum"/>
            </STUBS>
        </SUBCOMPONENT>
        <SUBCOMPONENT NAME="ALU Operand Multiplexor"
            DATA="Multiplexor.xml" POSX="385.0" POSY="255.0" ZOOM="1.0" FLIP="NONE">
            <PARAMETERVALS/>
            <STUBS>
                <STUB POSX="-10.0" POSY="10.0" PIN="In1"/>
                <STUB POSX="10.0" POSY="0.0" PIN="Out"/>
                <STUB POSX="-10.0" POSY="-10.0" PIN="In0"/>
                <STUB POSX="0.0" POSY="-15.0" PIN="Switch"/>
            </STUBS>
        </SUBCOMPONENT>
        <SUBCOMPONENT NAME="ALU" DATA="Alu.xml" POSX="440.0"
            POSY="230.0" ZOOM="1.0" FLIP="NONE">
            <PARAMETERVALS/>
            <STUBS>
                <STUB POSX="-20.0" POSY="-30.0" PIN="Src0"/>
                <STUB POSX="-20.0" POSY="25.0" PIN="Src1"/>
                <STUB POSX="20.0" POSY="10.0" PIN="Result"/>
                <STUB POSX="20.0" POSY="-10.0" PIN="Zero"/>
                <STUB POSX="0.0" POSY="-27.0" PIN="ALUOp"/>
            </STUBS>
        </SUBCOMPONENT>
        <SUBCOMPONENT NAME="Branch AND" DATA="and.xml" POSX="505.0"
            POSY="180.0" ZOOM="1.0" FLIP="NONE">
            <PARAMETERVALS/>
            <STUBS>
                <STUB POSX="-15.0" POSY="5.0" PIN="In1"/>
                <STUB POSX="-15.0" POSY="-5.0" PIN="In0"/>
                <STUB POSX="10.0" POSY="0.0" PIN="LoadPC"/>
            </STUBS>
        </SUBCOMPONENT>
        <SUBCOMPONENT NAME="RegWrite Multiplexor" DATA="Multiplexor.xml"
            POSX="460.0" POSY="340.0" ZOOM="1.0" FLIP="HORIZONTAL">
            <PARAMETERVALS/>
            <STUBS>
                <STUB POSX="10.0" POSY="0.0" PIN="Out"/>
                <STUB POSX="0.0" POSY="-15.0" PIN="Switch"/>
                <STUB POSX="-10.0" POSY="-10.0" PIN="In0"/>
                <STUB POSX="-10.0" POSY="10.0" PIN="In1"/>
            </STUBS>
        </SUBCOMPONENT>
        <SUBCOMPONENT NAME="Control" DATA="Control.xml" POSX="-90.0"
            POSY="-50.0" ZOOM="1.0" FLIP="NONE">
            <PARAMETERVALS/>
            <STUBS>
                <STUB POSX="260.0" POSY="280.0" PIN="Instruction"/>
                <STUB POSX="260.0" POSY="260.0" PIN="RT"/>
                <STUB POSX="260.0" POSY="240.0" PIN="RS"/>
                <STUB POSX="260.0" POSY="300.0" PIN="RD"/>
                <STUB POSX="260.0" POSY="190.0" PIN="IMM"/>
                <STUB POSX="260.0" POSY="120.0" PIN="RegWrite"/>
                <STUB POSX="260.0" POSY="110.0" PIN="SecReg"/>
                <STUB POSX="260.0" POSY="100.0" PIN="ALUOp"/>
                <STUB POSX="260.0" POSY="90.0" PIN="Branch"/>
                <STUB POSX="260.0" POSY="80.0" PIN="MemToReg"/>
                <STUB POSX="260.0" POSY="70.0" PIN="MemRead"/>
                <STUB POSX="260.0" POSY="60.0" PIN="MemWrite"/>
            </STUBS>
        </SUBCOMPONENT>
        <SUBCOMPONENT NAME="Clock" DATA="Clock.xml" POSX="-40.0"
            POSY="0.0" ZOOM="1.0" FLIP="NONE">
            <PARAMETERVALS/>
            <STUBS>
                <STUB POSX="100.0" POSY="30.0" PIN="Clock"/>
            </STUBS>
        </SUBCOMPONENT>
        <SUBCOMPONENT NAME="MM" DATA="DataMemory.xml" POSX="620.0"
            POSY="260.0" ZOOM="1.0" FLIP="NONE">
            <PARAMETERVALS/>
            <STUBS>
                <STUB POSX="-20.0" POSY="-40.0" PIN="MemRead"/>
                <STUB POSX="0.0" POSY="-40.0" PIN="MemWrite"/>
                <STUB POSX="20.0" POSY="0.0" PIN="ReadData"/>
                <STUB POSX="-40.0" POSY="30.0" PIN="WriteData"/>
                <STUB POSX="-40.0" POSY="-20.0" PIN="Address"/>
            </STUBS>
        </SUBCOMPONENT>
        <SUBCOMPONENT NAME="SetCache" DATA="SetCache.sim-pl"
            POSX="590.0" POSY="260.0" ZOOM="1.0" FLIP="NONE">
            <PARAMETERVALS/>
            <STUBS>
                <STUB POSX="10.0" POSY="-50.0" PIN="MMMemRead"/>
                <STUB POSX="30.0" POSY="-50.0" PIN="MMMemWrite"/>
                <STUB POSX="60.0" POSY="0.0" PIN="MMReadData"/>
                <STUB POSX="-20.0" POSY="30.0" PIN="MMWriteData"/>
                <STUB POSX="10.0" POSY="-60.0" PIN="MemRead"/>
                <STUB POSX="30.0" POSY="-60.0" PIN="MemWrite"/>
                <STUB POSX="-20.0" POSY="-20.0" PIN="MMAddress"/>
                <STUB POSX="80.0" POSY="0.0" PIN="ReadData"/>
                <STUB POSX="-40.0" POSY="40.0" PIN="CacheReady"/>
                <STUB POSX="-40.0" POSY="30.0" PIN="WriteData"/>
                <STUB POSX="-40.0" POSY="-20.0" PIN="Address"/>
            </STUBS>
        </SUBCOMPONENT>
        <SUBCOMPONENT NAME="Cache" DATA="DirectMappedCache.xml"
            POSX="590.0" POSY="260.0" ZOOM="1.0" FLIP="NONE">
            <PARAMETERVALS/>
            <STUBS/>
        </SUBCOMPONENT>
    </SUBCOMPONENTS>
    <WIRES>
        <WIRE NAME="pc" COLOR="#000000">
            <STROKE/>
            <NODES>
                <SUBPIN ID="a777d6a6240f6fcb" SUBCOMPONENT="PC" PIN="Out"/>
                <SUBPIN ID="354d476e49765463"
                    SUBCOMPONENT="Instruction Memory" PIN="Address"/>
                <SPLIT ID="a538e8b1ebb59269" POSX="40.0" POSY="230.0"/>
                <SUBPIN ID="ee4bfe42a8927766"
                    SUBCOMPONENT="Branch Adder" PIN="Arg0"/>
                <SPLIT ID="9c63ca744d4902eb" POSX="40.0" POSY="100.0"/>
                <SPLIT ID="22f68ecec37ae94a" POSX="55.0" POSY="230.0">
                    <PROBE POSX="0.0" POSY="0.0" HALIGN="CENTER" VALIGN="CENTER"/>
                </SPLIT>
                <SPLIT ID="f429d6c8b47f90a3" POSX="340.0" POSY="100.0">
                    <PROBE POSX="0.0" POSY="0.0" HALIGN="CENTER" VALIGN="CENTER"/>
                </SPLIT>
            </NODES>
            <SPANS>
                <SPAN>
                    <NODEREF NODE="a777d6a6240f6fcb"/>
                    <NODEREF NODE="a538e8b1ebb59269"/>
                </SPAN>
                <SPAN>
                    <NODEREF NODE="354d476e49765463"/>
                    <NODEREF NODE="22f68ecec37ae94a"/>
                    <NODEREF NODE="a538e8b1ebb59269"/>
                </SPAN>
                <SPAN>
                    <NODEREF NODE="a538e8b1ebb59269"/>
                    <NODEREF NODE="9c63ca744d4902eb"/>
                    <NODEREF NODE="f429d6c8b47f90a3"/>
                    <NODEREF NODE="ee4bfe42a8927766"/>
                </SPAN>
            </SPANS>
        </WIRE>
        <WIRE NAME="Instruction" COLOR="#000000">
            <STROKE/>
            <NODES>
                <SUBPIN ID="41c2187a091d310a"
                    SUBCOMPONENT="Instruction Memory" PIN="Data"/>
                <SUBPIN ID="4d8b7141f637c3b7" SUBCOMPONENT="Control" PIN="Instruction"/>
                <SPLIT ID="6f2353ae8547001" POSX="160.0" POSY="230.0">
                    <PROBE POSX="0.0" POSY="0.0" HALIGN="CENTER" VALIGN="CENTER"/>
                </SPLIT>
            </NODES>
            <SPANS>
                <SPAN>
                    <NODEREF NODE="41c2187a091d310a"/>
                    <NODEREF NODE="6f2353ae8547001"/>
                    <NODEREF NODE="4d8b7141f637c3b7"/>
                </SPAN>
            </SPANS>
        </WIRE>
        <WIRE NAME="rt" COLOR="#000000">
            <STROKE/>
            <NODES>
                <SUBPIN ID="7d5eada5d5536167" SUBCOMPONENT="Control" PIN="RT"/>
                <SUBPIN ID="ac681d01ce09f358" SUBCOMPONENT="Registers" PIN="Read1"/>
                <SPLIT ID="1cb5d7db235b3288" POSX="205.0" POSY="210.0">
                    <PROBE POSX="0.0" POSY="0.0" HALIGN="CENTER" VALIGN="CENTER"/>
                </SPLIT>
            </NODES>
            <SPANS>
                <SPAN>
                    <NODEREF NODE="7d5eada5d5536167"/>
                    <NODEREF NODE="1cb5d7db235b3288"/>
                    <NODEREF NODE="ac681d01ce09f358"/>
                </SPAN>
            </SPANS>
        </WIRE>
        <WIRE NAME="rs" COLOR="#000000">
            <STROKE/>
            <NODES>
                <SUBPIN ID="9c32598b085c2ded" SUBCOMPONENT="Control" PIN="RS"/>
                <SUBPIN ID="6a0e9c4d3ec33192" SUBCOMPONENT="Registers" PIN="Read0"/>
                <SPLIT ID="12a8bc6e5b5ca055" POSX="205.0" POSY="190.0">
                    <PROBE POSX="0.0" POSY="0.0" HALIGN="CENTER" VALIGN="CENTER"/>
                </SPLIT>
            </NODES>
            <SPANS>
                <SPAN>
                    <NODEREF NODE="9c32598b085c2ded"/>
                    <NODEREF NODE="12a8bc6e5b5ca055"/>
                    <NODEREF NODE="6a0e9c4d3ec33192"/>
                </SPAN>
            </SPANS>
        </WIRE>
        <WIRE NAME="rd" COLOR="#000000">
            <STROKE/>
            <NODES>
                <SUBPIN ID="9b894ca0447c6731" SUBCOMPONENT="Control" PIN="RD"/>
                <SUBPIN ID="ec28c7eccbb87055" SUBCOMPONENT="Registers" PIN="WriteReg"/>
                <SPLIT ID="fcf8227e0cd0074c" POSX="205.0" POSY="250.0">
                    <PROBE POSX="0.0" POSY="0.0" HALIGN="CENTER" VALIGN="CENTER"/>
                </SPLIT>
            </NODES>
            <SPANS>
                <SPAN>
                    <NODEREF NODE="9b894ca0447c6731"/>
                    <NODEREF NODE="fcf8227e0cd0074c"/>
                    <NODEREF NODE="ec28c7eccbb87055"/>
                </SPAN>
            </SPANS>
        </WIRE>
        <WIRE NAME="reg[rs]" COLOR="#000000">
            <STROKE/>
            <NODES>
                <SUBPIN ID="aa610d546f6acd32" SUBCOMPONENT="Registers" PIN="Reg0"/>
                <SUBPIN ID="342aee6811292fa3" SUBCOMPONENT="ALU" PIN="Src0"/>
                <SPLIT ID="f44c2b5b85b3f302" POSX="340.0" POSY="200.0">
                    <PROBE POSX="0.0" POSY="0.0" HALIGN="CENTER" VALIGN="CENTER"/>
                </SPLIT>
            </NODES>
            <SPANS>
                <SPAN>
                    <NODEREF NODE="aa610d546f6acd32"/>
                    <NODEREF NODE="f44c2b5b85b3f302"/>
                    <NODEREF NODE="342aee6811292fa3"/>
                </SPAN>
            </SPANS>
        </WIRE>
        <WIRE NAME="reg[rt]" COLOR="#000000">
            <STROKE/>
            <NODES>
                <SUBPIN ID="1e9216b12a9b5531" SUBCOMPONENT="Registers" PIN="Reg1"/>
                <SUBPIN ID="98ea9724114ffc72"
                    SUBCOMPONENT="ALU Operand Multiplexor" PIN="In1"/>
                <SPLIT ID="beda8dd52bd77847" POSX="350.0" POSY="265.0"/>
                <SPLIT ID="fbb8123a23bddbd9" POSX="340.0" POSY="265.0">
                    <PROBE POSX="0.0" POSY="0.0" HALIGN="CENTER" VALIGN="CENTER"/>
                </SPLIT>
                <SPLIT ID="b45b3e4e77ca8e48" POSX="360.0" POSY="270.0"/>
                <SUBPIN ID="e9d897dcfb1a0773" SUBCOMPONENT="SetCache" PIN="WriteData"/>
                <SPLIT ID="1cc9d277a6cf73f9" POSX="360.0" POSY="290.0"/>
                <SPLIT ID="aa76f92258f85c9" POSX="520.0" POSY="290.0">
                    <PROBE POSX="0.0" POSY="0.0" HALIGN="CENTER" VALIGN="CENTER"/>
                </SPLIT>
            </NODES>
            <SPANS>
                <SPAN>
                    <NODEREF NODE="1e9216b12a9b5531"/>
                    <NODEREF NODE="fbb8123a23bddbd9"/>
                    <NODEREF NODE="beda8dd52bd77847"/>
                    <NODEREF NODE="b45b3e4e77ca8e48"/>
                </SPAN>
                <SPAN>
                    <NODEREF NODE="98ea9724114ffc72"/>
                    <NODEREF NODE="b45b3e4e77ca8e48"/>
                </SPAN>
                <SPAN>
                    <NODEREF NODE="b45b3e4e77ca8e48"/>
                    <NODEREF NODE="1cc9d277a6cf73f9"/>
                    <NODEREF NODE="aa76f92258f85c9"/>
                    <NODEREF NODE="e9d897dcfb1a0773"/>
                </SPAN>
            </SPANS>
        </WIRE>
        <WIRE NAME="2nd ALU operand " COLOR="#000000">
            <STROKE/>
            <NODES>
                <SUBPIN ID="7015f01ad25769f5"
                    SUBCOMPONENT="ALU Operand Multiplexor" PIN="Out"/>
                <SUBPIN ID="d473b4e95b60fcb6" SUBCOMPONENT="ALU" PIN="Src1"/>
            </NODES>
            <SPANS>
                <SPAN>
                    <NODEREF NODE="7015f01ad25769f5"/>
                    <NODEREF NODE="d473b4e95b60fcb6"/>
                </SPAN>
            </SPANS>
        </WIRE>
        <WIRE NAME="ALU result" COLOR="#000000">
            <STROKE/>
            <NODES>
                <SUBPIN ID="7c947c768615a565" SUBCOMPONENT="ALU" PIN="Result"/>
                <SPLIT ID="c46968fbd78274a6" POSX="485.0" POSY="240.0"/>
                <SUBPIN ID="be967d6228124e2d"
                    SUBCOMPONENT="RegWrite Multiplexor" PIN="In0"/>
                <SPLIT ID="22a0c65a26b7d581" POSX="485.0" POSY="330.0"/>
                <SPLIT ID="59dc57fe884655ed" POSX="480.0" POSY="240.0"/>
                <SUBPIN ID="8d654422e18577d5" SUBCOMPONENT="SetCache" PIN="Address"/>
                <SPLIT ID="6b68b73a599527d7" POSX="520.0" POSY="240.0">
                    <PROBE POSX="0.0" POSY="0.0" HALIGN="CENTER" VALIGN="CENTER"/>
                </SPLIT>
            </NODES>
            <SPANS>
                <SPAN>
                    <NODEREF NODE="7c947c768615a565"/>
                    <NODEREF NODE="59dc57fe884655ed"/>
                </SPAN>
                <SPAN>
                    <NODEREF NODE="be967d6228124e2d"/>
                    <NODEREF NODE="22a0c65a26b7d581"/>
                    <NODEREF NODE="c46968fbd78274a6"/>
                    <NODEREF NODE="59dc57fe884655ed"/>
                </SPAN>
                <SPAN>
                    <NODEREF NODE="8d654422e18577d5"/>
                    <NODEREF NODE="6b68b73a599527d7"/>
                    <NODEREF NODE="59dc57fe884655ed"/>
                </SPAN>
            </SPANS>
        </WIRE>
        <WIRE NAME="Zero" COLOR="#FF0000">
            <STROKE/>
            <NODES>
                <SUBPIN ID="ae0949eea336def2" SUBCOMPONENT="ALU" PIN="Zero"/>
                <SUBPIN ID="c6662c93f6a29264" SUBCOMPONENT="Branch AND" PIN="In1"/>
                <SPLIT ID="b60799f27be12d53" POSX="480.0" POSY="220.0"/>
                <SPLIT ID="58c9ae5e7f677ca8" POSX="480.0" POSY="185.0"/>
                <SPLIT ID="6eefddb6894f56d5" POSX="480.0" POSY="220.0">
                    <PROBE POSX="0.0" POSY="0.0" HALIGN="CENTER" VALIGN="CENTER"/>
                </SPLIT>
            </NODES>
            <SPANS>
                <SPAN>
                    <NODEREF NODE="ae0949eea336def2"/>
                    <NODEREF NODE="b60799f27be12d53"/>
                    <NODEREF NODE="6eefddb6894f56d5"/>
                    <NODEREF NODE="58c9ae5e7f677ca8"/>
                    <NODEREF NODE="c6662c93f6a29264"/>
                </SPAN>
            </SPANS>
        </WIRE>
        <WIRE NAME="Data to register file" COLOR="#000000">
            <STROKE/>
            <NODES>
                <SUBPIN ID="78e8657db81ccf78"
                    SUBCOMPONENT="RegWrite Multiplexor" PIN="Out"/>
                <SUBPIN ID="6e2cce7f641912ff" SUBCOMPONENT="Registers" PIN="WriteData"/>
                <SPLIT ID="171de1a0f92230b8" POSX="190.0" POSY="340.0"/>
                <SPLIT ID="b15b56aa73105906" POSX="190.0" POSY="270.0"/>
                <SPLIT ID="bd4e766ab223b846" POSX="205.0" POSY="270.0">
                    <PROBE POSX="0.0" POSY="0.0" HALIGN="CENTER" VALIGN="CENTER"/>
                </SPLIT>
                <SPLIT ID="fb151b763fc8702d" POSX="340.0" POSY="340.0">
                    <PROBE POSX="0.0" POSY="0.0" HALIGN="CENTER" VALIGN="CENTER"/>
                </SPLIT>
            </NODES>
            <SPANS>
                <SPAN>
                    <NODEREF NODE="78e8657db81ccf78"/>
                    <NODEREF NODE="fb151b763fc8702d"/>
                    <NODEREF NODE="171de1a0f92230b8"/>
                    <NODEREF NODE="b15b56aa73105906"/>
                    <NODEREF NODE="bd4e766ab223b846"/>
                    <NODEREF NODE="6e2cce7f641912ff"/>
                </SPAN>
            </SPANS>
        </WIRE>
        <WIRE NAME="Immediate/Address/Offset" COLOR="#000000">
            <STROKE/>
            <NODES>
                <SUBPIN ID="ac9c483b8a077c4c" SUBCOMPONENT="Control" PIN="IMM"/>
                <SUBPIN ID="163d5620bcd0bd6c"
                    SUBCOMPONENT="Branch Adder" PIN="Arg1"/>
                <SPLIT ID="bd9e4456a02131c8" POSX="360.0" POSY="140.0"/>
                <SUBPIN ID="86ffe909c8ef7400"
                    SUBCOMPONENT="ALU Operand Multiplexor" PIN="In0"/>
                <SPLIT ID="a714c6e017c27e27" POSX="360.0" POSY="245.0"/>
                <SPLIT ID="a1831b38a30c33d3" POSX="340.0" POSY="140.0">
                    <PROBE POSX="0.0" POSY="0.0" HALIGN="CENTER" VALIGN="CENTER"/>
                </SPLIT>
            </NODES>
            <SPANS>
                <SPAN>
                    <NODEREF NODE="ac9c483b8a077c4c"/>
                    <NODEREF NODE="a1831b38a30c33d3"/>
                    <NODEREF NODE="bd9e4456a02131c8"/>
                </SPAN>
                <SPAN>
                    <NODEREF NODE="163d5620bcd0bd6c"/>
                    <NODEREF NODE="bd9e4456a02131c8"/>
                </SPAN>
                <SPAN>
                    <NODEREF NODE="86ffe909c8ef7400"/>
                    <NODEREF NODE="a714c6e017c27e27"/>
                    <NODEREF NODE="bd9e4456a02131c8"/>
                </SPAN>
            </SPANS>
        </WIRE>
        <WIRE NAME="RegWrite" COLOR="#00CC33">
            <STROKE/>
            <NODES>
                <SUBPIN ID="2b7129d58bfe6ba6" SUBCOMPONENT="Control" PIN="RegWrite"/>
                <SUBPIN ID="51e4453556961ece" SUBCOMPONENT="Registers" PIN="RegWrite"/>
                <SPLIT ID="2fb3f3634247a2e2" POSX="270.0" POSY="70.0"/>
                <SPLIT ID="805926df8d4db392" POSX="270.0" POSY="165.0">
                    <PROBE POSX="0.0" POSY="0.0" HALIGN="CENTER" VALIGN="CENTER"/>
                </SPLIT>
                <SPLIT ID="9942c3b76bf8a166" POSX="180.0" POSY="70.0">
                    <PROBE POSX="0.0" POSY="0.0" HALIGN="CENTER" VALIGN="CENTER"/>
                </SPLIT>
            </NODES>
            <SPANS>
                <SPAN>
                    <NODEREF NODE="2b7129d58bfe6ba6"/>
                    <NODEREF NODE="9942c3b76bf8a166"/>
                    <NODEREF NODE="2fb3f3634247a2e2"/>
                    <NODEREF NODE="805926df8d4db392"/>
                    <NODEREF NODE="51e4453556961ece"/>
                </SPAN>
            </SPANS>
        </WIRE>
        <WIRE NAME="SecReg" COLOR="#00CC33">
            <STROKE/>
            <NODES>
                <SUBPIN ID="f4b1a9e56b765035" SUBCOMPONENT="Control" PIN="SecReg"/>
                <SUBPIN ID="bf92535f22486139"
                    SUBCOMPONENT="ALU Operand Multiplexor" PIN="Switch"/>
                <SPLIT ID="669677311e876e7a" POSX="385.0" POSY="60.0"/>
                <SPLIT ID="cb1aeedf9a35ead7" POSX="385.0" POSY="235.0">
                    <PROBE POSX="0.0" POSY="0.0" HALIGN="CENTER" VALIGN="CENTER"/>
                </SPLIT>
                <SPLIT ID="ec792db16e3b524b" POSX="200.0" POSY="60.0">
                    <PROBE POSX="0.0" POSY="0.0" HALIGN="CENTER" VALIGN="CENTER"/>
                </SPLIT>
            </NODES>
            <SPANS>
                <SPAN>
                    <NODEREF NODE="f4b1a9e56b765035"/>
                    <NODEREF NODE="ec792db16e3b524b"/>
                    <NODEREF NODE="669677311e876e7a"/>
                    <NODEREF NODE="cb1aeedf9a35ead7"/>
                    <NODEREF NODE="bf92535f22486139"/>
                </SPAN>
            </SPANS>
        </WIRE>
        <WIRE NAME="ALUOp" COLOR="#00CC33">
            <STROKE LINEWIDTH="2.0"/>
            <NODES>
                <SUBPIN ID="8b8ad56eb957371c" SUBCOMPONENT="Control" PIN="ALUOp"/>
                <SUBPIN ID="9dfbe20a7daeaa97" SUBCOMPONENT="ALU" PIN="ALUOp"/>
                <SPLIT ID="565f085ee2ea69c7" POSX="460.0" POSY="50.0"/>
                <SPLIT ID="c03ee88e2b5a388e" POSX="460.0" POSY="190.0"/>
                <SPLIT ID="9c1e242ce00ee92" POSX="440.0" POSY="190.0"/>
                <SPLIT ID="3215ba3c7915b044" POSX="220.0" POSY="50.0">
                    <PROBE POSX="0.0" POSY="0.0" HALIGN="CENTER" VALIGN="CENTER"/>
                </SPLIT>
                <SPLIT ID="11b3504a507a00fa" POSX="440.0" POSY="190.0">
                    <PROBE POSX="0.0" POSY="0.0" HALIGN="CENTER" VALIGN="CENTER"/>
                </SPLIT>
            </NODES>
            <SPANS>
                <SPAN>
                    <NODEREF NODE="8b8ad56eb957371c"/>
                    <NODEREF NODE="3215ba3c7915b044"/>
                    <NODEREF NODE="565f085ee2ea69c7"/>
                    <NODEREF NODE="c03ee88e2b5a388e"/>
                    <NODEREF NODE="11b3504a507a00fa"/>
                    <NODEREF NODE="9c1e242ce00ee92"/>
                    <NODEREF NODE="9dfbe20a7daeaa97"/>
                </SPAN>
            </SPANS>
        </WIRE>
        <WIRE NAME="Branch" COLOR="#00CC33">
            <STROKE/>
            <NODES>
                <SUBPIN ID="4aa0ccd1ffe1ace2" SUBCOMPONENT="Control" PIN="Branch"/>
                <SUBPIN ID="bf45c2de8ccf4787" SUBCOMPONENT="Branch AND" PIN="In0"/>
                <SPLIT ID="3d7df7e27f8a3d49" POSX="480.0" POSY="40.0"/>
                <SPLIT ID="903db8487a851533" POSX="480.0" POSY="175.0"/>
                <SPLIT ID="ebf767c1f706bc4b" POSX="480.0" POSY="140.0">
                    <PROBE POSX="0.0" POSY="0.0" HALIGN="CENTER" VALIGN="CENTER"/>
                </SPLIT>
                <SPLIT ID="2595178b0d1ff28" POSX="240.0" POSY="40.0">
                    <PROBE POSX="0.0" POSY="0.0" HALIGN="CENTER" VALIGN="CENTER"/>
                </SPLIT>
            </NODES>
            <SPANS>
                <SPAN>
                    <NODEREF NODE="4aa0ccd1ffe1ace2"/>
                    <NODEREF NODE="2595178b0d1ff28"/>
                    <NODEREF NODE="3d7df7e27f8a3d49"/>
                    <NODEREF NODE="ebf767c1f706bc4b"/>
                    <NODEREF NODE="903db8487a851533"/>
                    <NODEREF NODE="bf45c2de8ccf4787"/>
                </SPAN>
            </SPANS>
        </WIRE>
        <WIRE NAME="Mem2Reg" COLOR="#00CC33">
            <STROKE/>
            <NODES>
                <SUBPIN ID="41b38fd42a8e7df2"
                    SUBCOMPONENT="RegWrite Multiplexor" PIN="Switch"/>
                <SUBPIN ID="4d4628e49467afc6" SUBCOMPONENT="Control" PIN="MemToReg"/>
                <SPLIT ID="5ea69f94b8c9f2a1" POSX="460.0" POSY="310.0"/>
                <SPLIT ID="920fbc43a0424fac" POSX="535.0" POSY="310.0"/>
                <SPLIT ID="570a6eb01ac3610f" POSX="535.0" POSY="30.0"/>
                <SPLIT ID="4727caccc1132b43" POSX="260.0" POSY="30.0">
                    <PROBE POSX="0.0" POSY="0.0" HALIGN="CENTER" VALIGN="CENTER"/>
                </SPLIT>
                <SPLIT ID="108050fba192e4cc" POSX="460.0" POSY="315.0">
                    <PROBE POSX="0.0" POSY="0.0" HALIGN="CENTER" VALIGN="CENTER"/>
                </SPLIT>
            </NODES>
            <SPANS>
                <SPAN>
                    <NODEREF NODE="41b38fd42a8e7df2"/>
                    <NODEREF NODE="108050fba192e4cc"/>
                    <NODEREF NODE="5ea69f94b8c9f2a1"/>
                    <NODEREF NODE="920fbc43a0424fac"/>
                    <NODEREF NODE="570a6eb01ac3610f"/>
                    <NODEREF NODE="4727caccc1132b43"/>
                    <NODEREF NODE="4d4628e49467afc6"/>
                </SPAN>
            </SPANS>
        </WIRE>
        <WIRE NAME="Load PC" COLOR="#FF0000">
            <STROKE/>
            <NODES>
                <SUBPIN ID="6c11e215947cd4c8" SUBCOMPONENT="Branch AND" PIN="LoadPC"/>
                <SUBPIN ID="6e39ae0ffeb160b2" SUBCOMPONENT="PC" PIN="LOAD"/>
                <SPLIT ID="67daf7690decd002" POSX="525.0" POSY="180.0"/>
                <SPLIT ID="f929f73ca558671e" POSX="525.0" POSY="155.0"/>
                <SPLIT ID="1696624cb0095448" POSX="20.0" POSY="155.0"/>
                <SPLIT ID="8efa714f52e15af" POSX="435.0" POSY="155.0">
                    <PROBE POSX="0.0" POSY="0.0" HALIGN="CENTER" VALIGN="CENTER"/>
                </SPLIT>
                <SPLIT ID="48484291f1ce97ff" POSX="20.0" POSY="200.0">
                    <PROBE POSX="0.0" POSY="0.0" HALIGN="CENTER" VALIGN="CENTER"/>
                </SPLIT>
            </NODES>
            <SPANS>
                <SPAN>
                    <NODEREF NODE="6c11e215947cd4c8"/>
                    <NODEREF NODE="67daf7690decd002"/>
                    <NODEREF NODE="f929f73ca558671e"/>
                    <NODEREF NODE="8efa714f52e15af"/>
                    <NODEREF NODE="1696624cb0095448"/>
                    <NODEREF NODE="48484291f1ce97ff"/>
                    <NODEREF NODE="6e39ae0ffeb160b2"/>
                </SPAN>
            </SPANS>
        </WIRE>
        <WIRE NAME="Branch target" COLOR="#000000">
            <STROKE/>
            <NODES>
                <SPLIT ID="24db34b85a984807" POSX="0.0" POSY="80.0"/>
                <SPLIT ID="18a9c2a1e863511a" POSX="450.0" POSY="120.0"/>
                <SPLIT ID="b9d72a68d8e4d123" POSX="0.0" POSY="230.0"/>
                <SPLIT ID="ec310ab97ba3dd9b" POSX="450.0" POSY="80.0"/>
                <SUBPIN ID="2d175c5a168dbc32" SUBCOMPONENT="PC" PIN="In"/>
                <SUBPIN ID="5a8116f1b898b82" SUBCOMPONENT="Branch Adder" PIN="Sum"/>
                <SPLIT ID="96e016e3e0350ef0" POSX="340.0" POSY="80.0">
                    <PROBE POSX="0.0" POSY="0.0" HALIGN="CENTER" VALIGN="CENTER"/>
                </SPLIT>
            </NODES>
            <SPANS>
                <SPAN>
                    <NODEREF NODE="2d175c5a168dbc32"/>
                    <NODEREF NODE="b9d72a68d8e4d123"/>
                    <NODEREF NODE="24db34b85a984807"/>
                    <NODEREF NODE="96e016e3e0350ef0"/>
                    <NODEREF NODE="ec310ab97ba3dd9b"/>
                    <NODEREF NODE="18a9c2a1e863511a"/>
                    <NODEREF NODE="5a8116f1b898b82"/>
                </SPAN>
            </SPANS>
        </WIRE>
        <WIRE NAME="Clock" COLOR="#000000">
            <STROKE/>
            <NODES>
                <MAINPIN ID="63d9c22b3bee9f43" PIN="Clock"/>
                <SUBPIN ID="6eae880ed49f43b3" SUBCOMPONENT="Clock" PIN="Clock"/>
            </NODES>
            <SPANS>
                <SPAN>
                    <NODEREF NODE="6eae880ed49f43b3"/>
                    <NODEREF NODE="63d9c22b3bee9f43"/>
                </SPAN>
            </SPANS>
        </WIRE>
        <WIRE NAME="Wire" COLOR="#000000">
            <STROKE/>
            <NODES>
                <SUBPIN ID="a059752bae7739a3" SUBCOMPONENT="MM" PIN="MemRead"/>
                <SUBPIN ID="3ce96ed195dd4ba0" SUBCOMPONENT="SetCache" PIN="MMMemRead"/>
                <SPLIT ID="3d76d76383bd3df5" POSX="600.0" POSY="220.0">
                    <PROBE POSX="0.0" POSY="0.0" HALIGN="CENTER" VALIGN="CENTER"/>
                </SPLIT>
            </NODES>
            <SPANS>
                <SPAN>
                    <NODEREF NODE="a059752bae7739a3"/>
                    <NODEREF NODE="3d76d76383bd3df5"/>
                    <NODEREF NODE="3ce96ed195dd4ba0"/>
                </SPAN>
            </SPANS>
        </WIRE>
        <WIRE NAME="Wire (2)" COLOR="#000000">
            <STROKE/>
            <NODES>
                <SUBPIN ID="a18d4d0fb4b93bec" SUBCOMPONENT="MM" PIN="MemWrite"/>
                <SUBPIN ID="400b9da0a6dbc2a4" SUBCOMPONENT="SetCache" PIN="MMMemWrite"/>
                <SPLIT ID="d4fd4d8ce4193eca" POSX="620.0" POSY="220.0">
                    <PROBE POSX="0.0" POSY="0.0" HALIGN="CENTER" VALIGN="CENTER"/>
                </SPLIT>
            </NODES>
            <SPANS>
                <SPAN>
                    <NODEREF NODE="a18d4d0fb4b93bec"/>
                    <NODEREF NODE="d4fd4d8ce4193eca"/>
                    <NODEREF NODE="400b9da0a6dbc2a4"/>
                </SPAN>
            </SPANS>
        </WIRE>
        <WIRE NAME="Wire (3)" COLOR="#000000">
            <STROKE/>
            <NODES>
                <SUBPIN ID="89a2501b76d52e0c" SUBCOMPONENT="MM" PIN="ReadData"/>
                <SUBPIN ID="318661ea9c077b71" SUBCOMPONENT="SetCache" PIN="MMReadData"/>
                <SPLIT ID="dc5f39de83fb2918" POSX="640.0" POSY="260.0">
                    <PROBE POSX="0.0" POSY="0.0" HALIGN="CENTER" VALIGN="CENTER"/>
                </SPLIT>
            </NODES>
            <SPANS>
                <SPAN>
                    <NODEREF NODE="89a2501b76d52e0c"/>
                    <NODEREF NODE="dc5f39de83fb2918"/>
                    <NODEREF NODE="318661ea9c077b71"/>
                </SPAN>
            </SPANS>
        </WIRE>
        <WIRE NAME="Wire (4)" COLOR="#000000">
            <STROKE/>
            <NODES>
                <SUBPIN ID="c97585ae66d73782" SUBCOMPONENT="SetCache" PIN="MMWriteData"/>
                <SUBPIN ID="35d908bb7e2712ed" SUBCOMPONENT="MM" PIN="WriteData"/>
                <SPLIT ID="85bbb1e71911f2ca" POSX="580.0" POSY="290.0">
                    <PROBE POSX="0.0" POSY="0.0" HALIGN="CENTER" VALIGN="CENTER"/>
                </SPLIT>
            </NODES>
            <SPANS>
                <SPAN>
                    <NODEREF NODE="c97585ae66d73782"/>
                    <NODEREF NODE="85bbb1e71911f2ca"/>
                    <NODEREF NODE="35d908bb7e2712ed"/>
                </SPAN>
            </SPANS>
        </WIRE>
        <WIRE NAME="Wire (5)" COLOR="#00CC00">
            <STROKE/>
            <NODES>
                <SUBPIN ID="b06ed3c6f5a166e6" SUBCOMPONENT="Control" PIN="MemRead"/>
                <SUBPIN ID="a246e8b139672873" SUBCOMPONENT="SetCache" PIN="MemRead"/>
                <SPLIT ID="ccdd30ca48647b3d" POSX="600.0" POSY="20.0"/>
                <SPLIT ID="a6e377fe4714a9fd" POSX="600.0" POSY="180.0">
                    <PROBE POSX="0.0" POSY="0.0" HALIGN="CENTER" VALIGN="CENTER"/>
                </SPLIT>
            </NODES>
            <SPANS>
                <SPAN>
                    <NODEREF NODE="b06ed3c6f5a166e6"/>
                    <NODEREF NODE="ccdd30ca48647b3d"/>
                    <NODEREF NODE="a6e377fe4714a9fd"/>
                    <NODEREF NODE="a246e8b139672873"/>
                </SPAN>
            </SPANS>
        </WIRE>
        <WIRE NAME="Wire (6)" COLOR="#00CC00">
            <STROKE/>
            <NODES>
                <SUBPIN ID="d017d9eb1c02c67b" SUBCOMPONENT="Control" PIN="MemWrite"/>
                <SUBPIN ID="b0049295ac274630" SUBCOMPONENT="SetCache" PIN="MemWrite"/>
                <SPLIT ID="7108f47e0260da39" POSX="620.0" POSY="10.0"/>
                <SPLIT ID="8eedfc6b6b5e1e84" POSX="620.0" POSY="180.0">
                    <PROBE POSX="0.0" POSY="0.0" HALIGN="CENTER" VALIGN="CENTER"/>
                </SPLIT>
            </NODES>
            <SPANS>
                <SPAN>
                    <NODEREF NODE="d017d9eb1c02c67b"/>
                    <NODEREF NODE="7108f47e0260da39"/>
                    <NODEREF NODE="8eedfc6b6b5e1e84"/>
                    <NODEREF NODE="b0049295ac274630"/>
                </SPAN>
            </SPANS>
        </WIRE>
        <WIRE NAME="Wire (7)" COLOR="#000000">
            <STROKE/>
            <NODES>
                <SUBPIN ID="932615af95b064a" SUBCOMPONENT="SetCache" PIN="MMAddress"/>
                <SUBPIN ID="9b3d98d9f06784fd" SUBCOMPONENT="MM" PIN="Address"/>
                <SPLIT ID="6be7c98e1df8552d" POSX="580.0" POSY="240.0">
                    <PROBE POSX="0.0" POSY="0.0" HALIGN="CENTER" VALIGN="CENTER"/>
                </SPLIT>
            </NODES>
            <SPANS>
                <SPAN>
                    <NODEREF NODE="932615af95b064a"/>
                    <NODEREF NODE="6be7c98e1df8552d"/>
                    <NODEREF NODE="9b3d98d9f06784fd"/>
                </SPAN>
            </SPANS>
        </WIRE>
        <WIRE NAME="Wire (8)" COLOR="#000000">
            <STROKE/>
            <NODES>
                <SUBPIN ID="bd1130b10b2e3a10" SUBCOMPONENT="SetCache" PIN="ReadData"/>
                <SUBPIN ID="d16153d2ead79c68"
                    SUBCOMPONENT="RegWrite Multiplexor" PIN="In1"/>
                <SPLIT ID="8f0ceb99512a488f" POSX="690.0" POSY="260.0"/>
                <SPLIT ID="cd15642b8bc13a2e" POSX="690.0" POSY="350.0"/>
                <SPLIT ID="b712065b1e7e0c00" POSX="690.0" POSY="300.0"/>
                <SPLIT ID="5e026fa3089733fc" POSX="600.0" POSY="350.0">
                    <PROBE POSX="0.0" POSY="0.0" HALIGN="CENTER" VALIGN="CENTER"/>
                </SPLIT>
            </NODES>
            <SPANS>
                <SPAN>
                    <NODEREF NODE="bd1130b10b2e3a10"/>
                    <NODEREF NODE="8f0ceb99512a488f"/>
                    <NODEREF NODE="b712065b1e7e0c00"/>
                    <NODEREF NODE="cd15642b8bc13a2e"/>
                    <NODEREF NODE="5e026fa3089733fc"/>
                    <NODEREF NODE="d16153d2ead79c68"/>
                </SPAN>
            </SPANS>
        </WIRE>
        <WIRE NAME="Wire (9)" COLOR="#FF00FF">
            <STROKE/>
            <NODES>
                <SUBPIN ID="73da8daf94585ae0" SUBCOMPONENT="SetCache" PIN="CacheReady"/>
                <SUBPIN ID="2f9cacd7205c4c45" SUBCOMPONENT="PC" PIN="Advance"/>
                <SPLIT ID="8616cd34a034caa4" POSX="20.0" POSY="300.0"/>
                <SPLIT ID="82fde907d7ed76a7" POSX="340.0" POSY="300.0">
                    <PROBE POSX="0.0" POSY="0.0" HALIGN="CENTER" VALIGN="CENTER"/>
                </SPLIT>
            </NODES>
            <SPANS>
                <SPAN>
                    <NODEREF NODE="73da8daf94585ae0"/>
                    <NODEREF NODE="82fde907d7ed76a7"/>
                    <NODEREF NODE="8616cd34a034caa4"/>
                    <NODEREF NODE="2f9cacd7205c4c45"/>
                </SPAN>
            </SPANS>
        </WIRE>
    </WIRES>
</COMPLEX>
