<?xml version="1.0" encoding="ISO-8859-1"?>
<COMPLEX NAME="16 bit Harvard Processor"
    PREFERREDNUMBERFORMAT="Hexadecimal" PREFERREDCYCLELENGTH="100">
    <PARAMETERS/>
    <FORMS>
        <TEXT POSX="330.0" POSY="-30.0" HALIGN="CENTER" VALIGN="CENTER"
            COLOR="#000000" FONT="Dialog,plain,15.0">16 bit Harvard Architecture</TEXT>
        <TEXT POSX="552.0" POSY="138.0" HALIGN="CENTER" VALIGN="CENTER"
            COLOR="#FF0000" FONT="Dialog,plain,12.0">Branch</TEXT>
        <TEXT POSX="588.0" POSY="191.0" HALIGN="CENTER" VALIGN="CENTER"
            COLOR="#FF0000" FONT="Dialog,plain,12.0">MemWrite</TEXT>
        <TEXT POSX="105.0" POSY="40.0" HALIGN="CENTER" VALIGN="CENTER"
            COLOR="#FF0000" FONT="Dialog,plain,12.0">Opcode</TEXT>
        <TEXT POSX="250.0" POSY="130.0" HALIGN="CENTER" VALIGN="CENTER"
            COLOR="#000000" FONT="Dialog,plain,11.0">Constant number/Offset/Index</TEXT>
        <TEXT POSX="493.0" POSY="217.0" HALIGN="CENTER" VALIGN="CENTER"
            COLOR="#FF0000" FONT="Dialog,plain,12.0">Zero</TEXT>
        <TEXT POSX="435.0" POSY="175.0" HALIGN="CENTER" VALIGN="CENTER"
            COLOR="#FF0000" FONT="Dialog,plain,12.0">ALUOp</TEXT>
        <TEXT POSX="391.0" POSY="218.0" HALIGN="CENTER" VALIGN="CENTER"
            COLOR="#FF0000" FONT="Dialog,plain,12.0">SecReg</TEXT>
        <TEXT POSX="416.0" POSY="313.0" HALIGN="CENTER" VALIGN="CENTER"
            COLOR="#FF0000" FONT="Dialog,plain,12.0">Mem2Reg</TEXT>
        <TEXT POSX="272.0" POSY="150.0" HALIGN="CENTER" VALIGN="CENTER"
            COLOR="#FF0000" FONT="Dialog,plain,12.0">RegWrite</TEXT>
        <TEXT POSX="15.0" POSY="175.0" HALIGN="CENTER" VALIGN="CENTER"
            COLOR="#FF0000" FONT="Dialog,plain,12.0">Load
PC</TEXT>
        <RECTANGLE COLOR="#999999" POSX="-20.0" POSY="-15.0"
            WIDTH="680.0" HEIGHT="395.0" RADIUSX="15.0" RADIUSY="15.0">
            <STROKE LINEWIDTH="2.0"/>
        </RECTANGLE>
        <TEXT POSX="165.0" POSY="40.0" HALIGN="RIGHT" VALIGN="CENTER"
            COLOR="#FF0000" FONT="SansSerif,plain,8.0">MemWrite
Mem2Reg
Branch
Invert
RegWrite
SecReg
ALUOp</TEXT>
        <TEXT POSX="493.0" POSY="140.0" HALIGN="CENTER" VALIGN="CENTER"
            COLOR="#FF0000" FONT="Dialog,plain,12.0">Invert</TEXT>
    </FORMS>
    <IO>
        <OUTPUT BITS="1" SIGNED="false" POSX="90.0" POSY="340.0" NAME="Clock">
            <LABEL POSX="15.0" POSY="0.0" HALIGN="LEFT" VALIGN="CENTER"/>
        </OUTPUT>
    </IO>
    <SUBCOMPONENTS>
        <SUBCOMPONENT NAME="PC" DATA="pc.xml" POSX="10.0" POSY="230.0"
            ZOOM="1.0" FLIP="NONE">
            <PARAMETERVALS/>
            <STUBS>
                <STUB POSX="20.0" POSY="0.0" PIN="Out"/>
                <STUB POSX="-10.0" POSY="0.0" PIN="In"/>
                <STUB POSX="5.0" POSY="-25.0" PIN="LOAD"/>
            </STUBS>
        </SUBCOMPONENT>
        <SUBCOMPONENT NAME="Instruction Memory"
            DATA="InstructionMemory.xml" POSX="110.0" POSY="220.0"
            ZOOM="1.0" FLIP="NONE">
            <PARAMETERVALS/>
            <STUBS>
                <STUB POSX="-40.0" POSY="10.0" PIN="Address"/>
                <STUB POSX="40.0" POSY="10.0" PIN="Data"/>
            </STUBS>
        </SUBCOMPONENT>
        <SUBCOMPONENT NAME="Registers" DATA="Registers.xml" POSX="270.0"
            POSY="220.0" ZOOM="1.0" FLIP="NONE">
            <PARAMETERVALS/>
            <STUBS>
                <STUB POSX="-50.0" POSY="-10.0" PIN="Read1"/>
                <STUB POSX="-50.0" POSY="-30.0" PIN="Read0"/>
                <STUB POSX="-50.0" POSY="30.0" PIN="WriteReg"/>
                <STUB POSX="50.0" POSY="-20.0" PIN="Reg0"/>
                <STUB POSX="50.0" POSY="45.0" PIN="Reg1"/>
                <STUB POSX="-50.0" POSY="50.0" PIN="WriteData"/>
                <STUB POSX="0.0" POSY="-45.0" PIN="RegWrite"/>
            </STUBS>
        </SUBCOMPONENT>
        <SUBCOMPONENT NAME="Branch Adder" DATA="Adder.xml" POSX="420.0"
            POSY="120.0" ZOOM="1.0" FLIP="NONE">
            <PARAMETERVALS/>
            <STUBS>
                <STUB POSX="-20.0" POSY="20.0" PIN="Arg1"/>
                <STUB POSX="-20.0" POSY="-20.0" PIN="Arg0"/>
                <STUB POSX="20.0" POSY="0.0" PIN="Sum"/>
            </STUBS>
        </SUBCOMPONENT>
        <SUBCOMPONENT NAME="ALU Operand Multiplexor"
            DATA="Multiplexor.xml" POSX="385.0" POSY="255.0" ZOOM="1.0" FLIP="NONE">
            <PARAMETERVALS/>
            <STUBS>
                <STUB POSX="-10.0" POSY="10.0" PIN="In1"/>
                <STUB POSX="15.0" POSY="0.0" PIN="Out"/>
                <STUB POSX="-10.0" POSY="-10.0" PIN="In0"/>
                <STUB POSX="5.0" POSY="-15.0" PIN="Switch"/>
            </STUBS>
        </SUBCOMPONENT>
        <SUBCOMPONENT NAME="ALU" DATA="Alu.xml" POSX="440.0"
            POSY="230.0" ZOOM="1.0" FLIP="NONE">
            <PARAMETERVALS/>
            <STUBS>
                <STUB POSX="-20.0" POSY="-30.0" PIN="Src0"/>
                <STUB POSX="-20.0" POSY="25.0" PIN="Src1"/>
                <STUB POSX="20.0" POSY="10.0" PIN="Result"/>
                <STUB POSX="0.0" POSY="-27.0" PIN="ALUOp"/>
                <STUB POSX="20.0" POSY="-10.0" PIN="Zero"/>
            </STUBS>
        </SUBCOMPONENT>
        <SUBCOMPONENT NAME="Branch AND" DATA="and.xml" POSX="550.0"
            POSY="180.0" ZOOM="1.0" FLIP="NONE">
            <PARAMETERVALS/>
            <STUBS>
                <STUB POSX="-15.0" POSY="-5.0" PIN="In0"/>
                <STUB POSX="10.0" POSY="0.0" PIN="LoadPC"/>
                <STUB POSX="-15.0" POSY="5.0" PIN="In1"/>
            </STUBS>
        </SUBCOMPONENT>
        <SUBCOMPONENT NAME="Data Memory" DATA="DataMemory.xml"
            POSX="585.0" POSY="260.0" ZOOM="1.0" FLIP="NONE">
            <PARAMETERVALS/>
            <STUBS>
                <STUB POSX="-40.0" POSY="-20.0" PIN="Address"/>
                <STUB POSX="0.0" POSY="-45.0" PIN="MemWrite"/>
                <STUB POSX="-40.0" POSY="30.0" PIN="WriteData"/>
                <STUB POSX="40.0" POSY="5.0" PIN="ReadData"/>
            </STUBS>
        </SUBCOMPONENT>
        <SUBCOMPONENT NAME="RegWrite Multiplexor" DATA="Multiplexor.xml"
            POSX="460.0" POSY="340.0" ZOOM="1.0" FLIP="HORIZONTAL">
            <PARAMETERVALS/>
            <STUBS>
                <STUB POSX="15.0" POSY="0.0" PIN="Out"/>
                <STUB POSX="5.0" POSY="-15.0" PIN="Switch"/>
                <STUB POSX="-10.0" POSY="-10.0" PIN="In0"/>
                <STUB POSX="-10.0" POSY="10.0" PIN="In1"/>
            </STUBS>
        </SUBCOMPONENT>
        <SUBCOMPONENT NAME="Control" DATA="Control.xml" POSX="-90.0"
            POSY="-50.0" ZOOM="1.0" FLIP="NONE">
            <PARAMETERVALS/>
            <STUBS>
                <STUB POSX="260.0" POSY="280.0" PIN="Instruction"/>
                <STUB POSX="260.0" POSY="260.0" PIN="RT"/>
                <STUB POSX="260.0" POSY="240.0" PIN="RS"/>
                <STUB POSX="260.0" POSY="300.0" PIN="RD"/>
                <STUB POSX="260.0" POSY="190.0" PIN="IMM"/>
                <STUB POSX="260.0" POSY="100.0" PIN="RegWrite"/>
                <STUB POSX="260.0" POSY="110.0" PIN="SecReg"/>
                <STUB POSX="260.0" POSY="120.0" PIN="ALUOp"/>
                <STUB POSX="260.0" POSY="80.0" PIN="Branch"/>
                <STUB POSX="260.0" POSY="60.0" PIN="MemWrite"/>
                <STUB POSX="260.0" POSY="70.0" PIN="MemToReg"/>
                <STUB POSX="260.0" POSY="90.0" PIN="Invert"/>
            </STUBS>
        </SUBCOMPONENT>
        <SUBCOMPONENT NAME="Clock" DATA="Clock.xml" POSX="-30.0"
            POSY="310.0" ZOOM="1.0" FLIP="NONE">
            <PARAMETERVALS/>
            <STUBS>
                <STUB POSX="100.0" POSY="30.0" PIN="Clock"/>
            </STUBS>
        </SUBCOMPONENT>
        <SUBCOMPONENT NAME="XOR Gate" DATA="xor.xml" POSX="495.0"
            POSY="185.0" ZOOM="1.0" FLIP="NONE">
            <PARAMETERVALS/>
            <STUBS>
                <STUB POSX="10.0" POSY="0.0" PIN="Out"/>
                <STUB POSX="-15.0" POSY="5.0" PIN="In1"/>
                <STUB POSX="-15.0" POSY="-5.0" PIN="In0"/>
            </STUBS>
        </SUBCOMPONENT>
    </SUBCOMPONENTS>
    <WIRES>
        <WIRE NAME="PC" COLOR="#000000">
            <STROKE LINEWIDTH="2.0"/>
            <NODES>
                <SUBPIN ID="a777d6a6240f6fcb" SUBCOMPONENT="PC" PIN="Out"/>
                <SUBPIN ID="354d476e49765463"
                    SUBCOMPONENT="Instruction Memory" PIN="Address"/>
                <SPLIT ID="a538e8b1ebb59269" POSX="40.0" POSY="230.0"/>
                <SUBPIN ID="ee4bfe42a8927766"
                    SUBCOMPONENT="Branch Adder" PIN="Arg0"/>
                <SPLIT ID="9c63ca744d4902eb" POSX="40.0" POSY="100.0"/>
                <SPLIT ID="22f68ecec37ae94a" POSX="55.0" POSY="230.0">
                    <PROBE POSX="0.0" POSY="0.0" HALIGN="CENTER" VALIGN="CENTER"/>
                </SPLIT>
                <SPLIT ID="f429d6c8b47f90a3" POSX="340.0" POSY="100.0">
                    <PROBE POSX="0.0" POSY="0.0" HALIGN="CENTER" VALIGN="CENTER"/>
                </SPLIT>
            </NODES>
            <SPANS>
                <SPAN>
                    <NODEREF NODE="a777d6a6240f6fcb"/>
                    <NODEREF NODE="a538e8b1ebb59269"/>
                </SPAN>
                <SPAN>
                    <NODEREF NODE="354d476e49765463"/>
                    <NODEREF NODE="22f68ecec37ae94a"/>
                    <NODEREF NODE="a538e8b1ebb59269"/>
                </SPAN>
                <SPAN>
                    <NODEREF NODE="a538e8b1ebb59269"/>
                    <NODEREF NODE="9c63ca744d4902eb"/>
                    <NODEREF NODE="f429d6c8b47f90a3"/>
                    <NODEREF NODE="ee4bfe42a8927766"/>
                </SPAN>
            </SPANS>
        </WIRE>
        <WIRE NAME="IM2Control" COLOR="#000000">
            <STROKE LINEWIDTH="3.0"/>
            <NODES>
                <SUBPIN ID="41c2187a091d310a"
                    SUBCOMPONENT="Instruction Memory" PIN="Data"/>
                <SUBPIN ID="4d8b7141f637c3b7" SUBCOMPONENT="Control" PIN="Instruction"/>
                <SPLIT ID="6f2353ae8547001" POSX="160.0" POSY="230.0">
                    <PROBE POSX="0.0" POSY="0.0" HALIGN="CENTER" VALIGN="CENTER"/>
                </SPLIT>
            </NODES>
            <SPANS>
                <SPAN>
                    <NODEREF NODE="41c2187a091d310a"/>
                    <NODEREF NODE="6f2353ae8547001"/>
                    <NODEREF NODE="4d8b7141f637c3b7"/>
                </SPAN>
            </SPANS>
        </WIRE>
        <WIRE NAME="Address Second Register" COLOR="#00CC66">
            <STROKE LINEWIDTH="1.5"/>
            <NODES>
                <SUBPIN ID="7d5eada5d5536167" SUBCOMPONENT="Control" PIN="RT"/>
                <SUBPIN ID="ac681d01ce09f358" SUBCOMPONENT="Registers" PIN="Read1"/>
                <SPLIT ID="1cb5d7db235b3288" POSX="205.0" POSY="210.0">
                    <PROBE POSX="0.0" POSY="0.0" HALIGN="CENTER" VALIGN="CENTER"/>
                </SPLIT>
            </NODES>
            <SPANS>
                <SPAN>
                    <NODEREF NODE="7d5eada5d5536167"/>
                    <NODEREF NODE="1cb5d7db235b3288"/>
                    <NODEREF NODE="ac681d01ce09f358"/>
                </SPAN>
            </SPANS>
        </WIRE>
        <WIRE NAME="Address First Register" COLOR="#00CC66">
            <STROKE LINEWIDTH="1.5"/>
            <NODES>
                <SUBPIN ID="9c32598b085c2ded" SUBCOMPONENT="Control" PIN="RS"/>
                <SUBPIN ID="6a0e9c4d3ec33192" SUBCOMPONENT="Registers" PIN="Read0"/>
                <SPLIT ID="12a8bc6e5b5ca055" POSX="205.0" POSY="190.0">
                    <PROBE POSX="0.0" POSY="0.0" HALIGN="CENTER" VALIGN="CENTER"/>
                </SPLIT>
            </NODES>
            <SPANS>
                <SPAN>
                    <NODEREF NODE="9c32598b085c2ded"/>
                    <NODEREF NODE="12a8bc6e5b5ca055"/>
                    <NODEREF NODE="6a0e9c4d3ec33192"/>
                </SPAN>
            </SPANS>
        </WIRE>
        <WIRE NAME="Address Destination Register" COLOR="#00CC66">
            <STROKE LINEWIDTH="1.5"/>
            <NODES>
                <SUBPIN ID="9b894ca0447c6731" SUBCOMPONENT="Control" PIN="RD"/>
                <SUBPIN ID="ec28c7eccbb87055" SUBCOMPONENT="Registers" PIN="WriteReg"/>
                <SPLIT ID="fcf8227e0cd0074c" POSX="205.0" POSY="250.0">
                    <PROBE POSX="0.0" POSY="0.0" HALIGN="CENTER" VALIGN="CENTER"/>
                </SPLIT>
            </NODES>
            <SPANS>
                <SPAN>
                    <NODEREF NODE="9b894ca0447c6731"/>
                    <NODEREF NODE="fcf8227e0cd0074c"/>
                    <NODEREF NODE="ec28c7eccbb87055"/>
                </SPAN>
            </SPANS>
        </WIRE>
        <WIRE NAME="Data First Register" COLOR="#000000">
            <STROKE LINEWIDTH="2.0"/>
            <NODES>
                <SUBPIN ID="aa610d546f6acd32" SUBCOMPONENT="Registers" PIN="Reg0"/>
                <SUBPIN ID="342aee6811292fa3" SUBCOMPONENT="ALU" PIN="Src0"/>
                <SPLIT ID="f44c2b5b85b3f302" POSX="340.0" POSY="200.0">
                    <PROBE POSX="0.0" POSY="0.0" HALIGN="CENTER" VALIGN="CENTER"/>
                </SPLIT>
            </NODES>
            <SPANS>
                <SPAN>
                    <NODEREF NODE="aa610d546f6acd32"/>
                    <NODEREF NODE="f44c2b5b85b3f302"/>
                    <NODEREF NODE="342aee6811292fa3"/>
                </SPAN>
            </SPANS>
        </WIRE>
        <WIRE NAME="Data Second Register" COLOR="#000000">
            <STROKE LINEWIDTH="2.0"/>
            <NODES>
                <SUBPIN ID="1e9216b12a9b5531" SUBCOMPONENT="Registers" PIN="Reg1"/>
                <SUBPIN ID="98ea9724114ffc72"
                    SUBCOMPONENT="ALU Operand Multiplexor" PIN="In1"/>
                <SPLIT ID="beda8dd52bd77847" POSX="350.0" POSY="265.0"/>
                <SUBPIN ID="4fbdce852e3626c6" SUBCOMPONENT="Data Memory" PIN="WriteData"/>
                <SPLIT ID="fd46a841af1ba076" POSX="350.0" POSY="290.0"/>
                <SPLIT ID="fbb8123a23bddbd9" POSX="340.0" POSY="265.0">
                    <PROBE POSX="0.0" POSY="0.0" HALIGN="CENTER" VALIGN="CENTER"/>
                </SPLIT>
                <SPLIT ID="4baa68eca7d17b7c" POSX="525.0" POSY="290.0">
                    <PROBE POSX="0.0" POSY="0.0" HALIGN="CENTER" VALIGN="CENTER"/>
                </SPLIT>
            </NODES>
            <SPANS>
                <SPAN>
                    <NODEREF NODE="1e9216b12a9b5531"/>
                    <NODEREF NODE="fbb8123a23bddbd9"/>
                    <NODEREF NODE="beda8dd52bd77847"/>
                </SPAN>
                <SPAN>
                    <NODEREF NODE="98ea9724114ffc72"/>
                    <NODEREF NODE="beda8dd52bd77847"/>
                </SPAN>
                <SPAN>
                    <NODEREF NODE="beda8dd52bd77847"/>
                    <NODEREF NODE="fd46a841af1ba076"/>
                    <NODEREF NODE="4baa68eca7d17b7c"/>
                    <NODEREF NODE="4fbdce852e3626c6"/>
                </SPAN>
            </SPANS>
        </WIRE>
        <WIRE NAME="Second Alu Operand" COLOR="#000000">
            <STROKE LINEWIDTH="2.0"/>
            <NODES>
                <SUBPIN ID="7015f01ad25769f5"
                    SUBCOMPONENT="ALU Operand Multiplexor" PIN="Out"/>
                <SUBPIN ID="d473b4e95b60fcb6" SUBCOMPONENT="ALU" PIN="Src1"/>
                <SPLIT ID="62451d8cb232eaf7" POSX="410.0" POSY="255.0">
                    <PROBE POSX="0.0" POSY="0.0" HALIGN="CENTER" VALIGN="CENTER"/>
                </SPLIT>
            </NODES>
            <SPANS>
                <SPAN>
                    <NODEREF NODE="7015f01ad25769f5"/>
                    <NODEREF NODE="62451d8cb232eaf7"/>
                    <NODEREF NODE="d473b4e95b60fcb6"/>
                </SPAN>
            </SPANS>
        </WIRE>
        <WIRE NAME="ALU Result" COLOR="#000000">
            <STROKE LINEWIDTH="2.0"/>
            <NODES>
                <SUBPIN ID="7c947c768615a565" SUBCOMPONENT="ALU" PIN="Result"/>
                <SUBPIN ID="a200c4992327b910" SUBCOMPONENT="Data Memory" PIN="Address"/>
                <SPLIT ID="c46968fbd78274a6" POSX="485.0" POSY="240.0"/>
                <SUBPIN ID="be967d6228124e2d"
                    SUBCOMPONENT="RegWrite Multiplexor" PIN="In0"/>
                <SPLIT ID="22a0c65a26b7d581" POSX="485.0" POSY="330.0"/>
                <SPLIT ID="b7de089e916b21b7" POSX="525.0" POSY="240.0">
                    <PROBE POSX="0.0" POSY="0.0" HALIGN="CENTER" VALIGN="CENTER"/>
                </SPLIT>
            </NODES>
            <SPANS>
                <SPAN>
                    <NODEREF NODE="7c947c768615a565"/>
                    <NODEREF NODE="c46968fbd78274a6"/>
                </SPAN>
                <SPAN>
                    <NODEREF NODE="a200c4992327b910"/>
                    <NODEREF NODE="b7de089e916b21b7"/>
                    <NODEREF NODE="c46968fbd78274a6"/>
                </SPAN>
                <SPAN>
                    <NODEREF NODE="c46968fbd78274a6"/>
                    <NODEREF NODE="22a0c65a26b7d581"/>
                    <NODEREF NODE="be967d6228124e2d"/>
                </SPAN>
            </SPANS>
        </WIRE>
        <WIRE NAME="Data Destination Register" COLOR="#000000">
            <STROKE LINEWIDTH="2.0"/>
            <NODES>
                <SUBPIN ID="78e8657db81ccf78"
                    SUBCOMPONENT="RegWrite Multiplexor" PIN="Out"/>
                <SUBPIN ID="6e2cce7f641912ff" SUBCOMPONENT="Registers" PIN="WriteData"/>
                <SPLIT ID="171de1a0f92230b8" POSX="190.0" POSY="340.0"/>
                <SPLIT ID="b15b56aa73105906" POSX="190.0" POSY="270.0"/>
                <SPLIT ID="bd4e766ab223b846" POSX="205.0" POSY="270.0">
                    <PROBE POSX="0.0" POSY="0.0" HALIGN="CENTER" VALIGN="CENTER"/>
                </SPLIT>
                <SPLIT ID="fb151b763fc8702d" POSX="340.0" POSY="340.0">
                    <PROBE POSX="0.0" POSY="0.0" HALIGN="CENTER" VALIGN="CENTER"/>
                </SPLIT>
            </NODES>
            <SPANS>
                <SPAN>
                    <NODEREF NODE="78e8657db81ccf78"/>
                    <NODEREF NODE="fb151b763fc8702d"/>
                    <NODEREF NODE="171de1a0f92230b8"/>
                    <NODEREF NODE="b15b56aa73105906"/>
                    <NODEREF NODE="bd4e766ab223b846"/>
                    <NODEREF NODE="6e2cce7f641912ff"/>
                </SPAN>
            </SPANS>
        </WIRE>
        <WIRE NAME="Offset" COLOR="#000000">
            <STROKE LINEWIDTH="2.0"/>
            <NODES>
                <SUBPIN ID="ac9c483b8a077c4c" SUBCOMPONENT="Control" PIN="IMM"/>
                <SUBPIN ID="163d5620bcd0bd6c"
                    SUBCOMPONENT="Branch Adder" PIN="Arg1"/>
                <SPLIT ID="bd9e4456a02131c8" POSX="360.0" POSY="140.0"/>
                <SUBPIN ID="86ffe909c8ef7400"
                    SUBCOMPONENT="ALU Operand Multiplexor" PIN="In0"/>
                <SPLIT ID="a714c6e017c27e27" POSX="360.0" POSY="245.0"/>
                <SPLIT ID="a1831b38a30c33d3" POSX="340.0" POSY="140.0">
                    <PROBE POSX="0.0" POSY="0.0" HALIGN="CENTER" VALIGN="CENTER"/>
                </SPLIT>
            </NODES>
            <SPANS>
                <SPAN>
                    <NODEREF NODE="ac9c483b8a077c4c"/>
                    <NODEREF NODE="a1831b38a30c33d3"/>
                    <NODEREF NODE="bd9e4456a02131c8"/>
                </SPAN>
                <SPAN>
                    <NODEREF NODE="163d5620bcd0bd6c"/>
                    <NODEREF NODE="bd9e4456a02131c8"/>
                </SPAN>
                <SPAN>
                    <NODEREF NODE="86ffe909c8ef7400"/>
                    <NODEREF NODE="a714c6e017c27e27"/>
                    <NODEREF NODE="bd9e4456a02131c8"/>
                </SPAN>
            </SPANS>
        </WIRE>
        <WIRE NAME="RegWrite" COLOR="#FF0000">
            <STROKE/>
            <NODES>
                <SUBPIN ID="2b7129d58bfe6ba6" SUBCOMPONENT="Control" PIN="RegWrite"/>
                <SUBPIN ID="51e4453556961ece" SUBCOMPONENT="Registers" PIN="RegWrite"/>
                <SPLIT ID="2fb3f3634247a2e2" POSX="270.0" POSY="50.0"/>
                <SPLIT ID="805926df8d4db392" POSX="270.0" POSY="165.0">
                    <PROBE POSX="0.0" POSY="0.0" HALIGN="CENTER" VALIGN="CENTER"/>
                </SPLIT>
                <SPLIT ID="9942c3b76bf8a166" POSX="200.0" POSY="50.0"/>
                <SPLIT ID="3690236688578971" POSX="220.0" POSY="50.0">
                    <PROBE POSX="0.0" POSY="0.0" HALIGN="CENTER" VALIGN="CENTER"/>
                </SPLIT>
            </NODES>
            <SPANS>
                <SPAN>
                    <NODEREF NODE="2b7129d58bfe6ba6"/>
                    <NODEREF NODE="9942c3b76bf8a166"/>
                    <NODEREF NODE="3690236688578971"/>
                    <NODEREF NODE="2fb3f3634247a2e2"/>
                    <NODEREF NODE="805926df8d4db392"/>
                    <NODEREF NODE="51e4453556961ece"/>
                </SPAN>
            </SPANS>
        </WIRE>
        <WIRE NAME="SecReg" COLOR="#FF0000">
            <STROKE/>
            <NODES>
                <SUBPIN ID="f4b1a9e56b765035" SUBCOMPONENT="Control" PIN="SecReg"/>
                <SUBPIN ID="bf92535f22486139"
                    SUBCOMPONENT="ALU Operand Multiplexor" PIN="Switch"/>
                <SPLIT ID="669677311e876e7a" POSX="390.0" POSY="60.0"/>
                <SPLIT ID="cb1aeedf9a35ead7" POSX="390.0" POSY="230.0">
                    <PROBE POSX="0.0" POSY="0.0" HALIGN="CENTER" VALIGN="CENTER"/>
                </SPLIT>
                <SPLIT ID="ec792db16e3b524b" POSX="205.0" POSY="60.0"/>
                <SPLIT ID="58c8ac5b3d3c3dcf" POSX="200.0" POSY="60.0">
                    <PROBE POSX="0.0" POSY="0.0" HALIGN="CENTER" VALIGN="CENTER"/>
                </SPLIT>
            </NODES>
            <SPANS>
                <SPAN>
                    <NODEREF NODE="f4b1a9e56b765035"/>
                    <NODEREF NODE="58c8ac5b3d3c3dcf"/>
                    <NODEREF NODE="ec792db16e3b524b"/>
                    <NODEREF NODE="669677311e876e7a"/>
                    <NODEREF NODE="cb1aeedf9a35ead7"/>
                    <NODEREF NODE="bf92535f22486139"/>
                </SPAN>
            </SPANS>
        </WIRE>
        <WIRE NAME="ALUOp" COLOR="#FF0000">
            <STROKE LINEWIDTH="1.5"/>
            <NODES>
                <SUBPIN ID="8b8ad56eb957371c" SUBCOMPONENT="Control" PIN="ALUOp"/>
                <SUBPIN ID="9dfbe20a7daeaa97" SUBCOMPONENT="ALU" PIN="ALUOp"/>
                <SPLIT ID="565f085ee2ea69c7" POSX="460.0" POSY="70.0"/>
                <SPLIT ID="c03ee88e2b5a388e" POSX="460.0" POSY="190.0"/>
                <SPLIT ID="9c1e242ce00ee92" POSX="440.0" POSY="200.0"/>
                <SPLIT ID="3215ba3c7915b044" POSX="220.0" POSY="70.0"/>
                <SPLIT ID="11b3504a507a00fa" POSX="440.0" POSY="190.0">
                    <PROBE POSX="0.0" POSY="0.0" HALIGN="CENTER" VALIGN="CENTER"/>
                </SPLIT>
                <SPLIT ID="6ac7efd775d24ed6" POSX="180.0" POSY="70.0">
                    <PROBE POSX="0.0" POSY="0.0" HALIGN="CENTER" VALIGN="CENTER"/>
                </SPLIT>
            </NODES>
            <SPANS>
                <SPAN>
                    <NODEREF NODE="8b8ad56eb957371c"/>
                    <NODEREF NODE="6ac7efd775d24ed6"/>
                    <NODEREF NODE="3215ba3c7915b044"/>
                    <NODEREF NODE="565f085ee2ea69c7"/>
                    <NODEREF NODE="c03ee88e2b5a388e"/>
                    <NODEREF NODE="11b3504a507a00fa"/>
                    <NODEREF NODE="9c1e242ce00ee92"/>
                    <NODEREF NODE="9dfbe20a7daeaa97"/>
                </SPAN>
            </SPANS>
        </WIRE>
        <WIRE NAME="Branch" COLOR="#FF0000">
            <STROKE/>
            <NODES>
                <SUBPIN ID="4aa0ccd1ffe1ace2" SUBCOMPONENT="Control" PIN="Branch"/>
                <SUBPIN ID="bf45c2de8ccf4787" SUBCOMPONENT="Branch AND" PIN="In0"/>
                <SPLIT ID="3d7df7e27f8a3d49" POSX="525.0" POSY="30.0"/>
                <SPLIT ID="903db8487a851533" POSX="525.0" POSY="175.0"/>
                <SPLIT ID="ebf767c1f706bc4b" POSX="525.0" POSY="140.0">
                    <PROBE POSX="0.0" POSY="0.0" HALIGN="CENTER" VALIGN="CENTER"/>
                </SPLIT>
                <SPLIT ID="2595178b0d1ff28" POSX="240.0" POSY="30.0"/>
                <SPLIT ID="8862f4b787cfe013" POSX="260.0" POSY="30.0">
                    <PROBE POSX="0.0" POSY="0.0" HALIGN="CENTER" VALIGN="CENTER"/>
                </SPLIT>
            </NODES>
            <SPANS>
                <SPAN>
                    <NODEREF NODE="4aa0ccd1ffe1ace2"/>
                    <NODEREF NODE="2595178b0d1ff28"/>
                    <NODEREF NODE="8862f4b787cfe013"/>
                    <NODEREF NODE="3d7df7e27f8a3d49"/>
                    <NODEREF NODE="ebf767c1f706bc4b"/>
                    <NODEREF NODE="903db8487a851533"/>
                    <NODEREF NODE="bf45c2de8ccf4787"/>
                </SPAN>
            </SPANS>
        </WIRE>
        <WIRE NAME="MemWrite" COLOR="#FF0000">
            <STROKE/>
            <NODES>
                <SUBPIN ID="8f114d0bbe596944" SUBCOMPONENT="Control" PIN="MemWrite"/>
                <SUBPIN ID="24e85b2cf3e4dbc9" SUBCOMPONENT="Data Memory" PIN="MemWrite"/>
                <SPLIT ID="45510971a8d52353" POSX="585.0" POSY="10.0"/>
                <SPLIT ID="1cca2e720b6c80f5" POSX="585.0" POSY="205.0">
                    <PROBE POSX="0.0" POSY="0.0" HALIGN="CENTER" VALIGN="CENTER"/>
                </SPLIT>
                <SPLIT ID="8ad7710399054143" POSX="280.0" POSY="10.0"/>
                <SPLIT ID="78b3e36a73bddd66" POSX="300.0" POSY="10.0">
                    <PROBE POSX="0.0" POSY="0.0" HALIGN="CENTER" VALIGN="CENTER"/>
                </SPLIT>
            </NODES>
            <SPANS>
                <SPAN>
                    <NODEREF NODE="8f114d0bbe596944"/>
                    <NODEREF NODE="8ad7710399054143"/>
                    <NODEREF NODE="78b3e36a73bddd66"/>
                    <NODEREF NODE="45510971a8d52353"/>
                    <NODEREF NODE="1cca2e720b6c80f5"/>
                    <NODEREF NODE="24e85b2cf3e4dbc9"/>
                </SPAN>
            </SPANS>
        </WIRE>
        <WIRE NAME="Mem2Reg" COLOR="#FF0000">
            <STROKE/>
            <NODES>
                <SUBPIN ID="41b38fd42a8e7df2"
                    SUBCOMPONENT="RegWrite Multiplexor" PIN="Switch"/>
                <SUBPIN ID="4d4628e49467afc6" SUBCOMPONENT="Control" PIN="MemToReg"/>
                <SPLIT ID="5ea69f94b8c9f2a1" POSX="460.0" POSY="310.0"/>
                <SPLIT ID="920fbc43a0424fac" POSX="515.0" POSY="310.0"/>
                <SPLIT ID="570a6eb01ac3610f" POSX="515.0" POSY="20.0"/>
                <SPLIT ID="4727caccc1132b43" POSX="260.0" POSY="20.0"/>
                <SPLIT ID="804bcfefa5188774" POSX="455.0" POSY="310.0">
                    <PROBE POSX="0.0" POSY="0.0" HALIGN="CENTER" VALIGN="CENTER"/>
                </SPLIT>
                <SPLIT ID="840b3634c706d5fa" POSX="280.0" POSY="20.0">
                    <PROBE POSX="0.0" POSY="0.0" HALIGN="CENTER" VALIGN="CENTER"/>
                </SPLIT>
            </NODES>
            <SPANS>
                <SPAN>
                    <NODEREF NODE="41b38fd42a8e7df2"/>
                    <NODEREF NODE="804bcfefa5188774"/>
                    <NODEREF NODE="5ea69f94b8c9f2a1"/>
                    <NODEREF NODE="920fbc43a0424fac"/>
                    <NODEREF NODE="570a6eb01ac3610f"/>
                    <NODEREF NODE="840b3634c706d5fa"/>
                    <NODEREF NODE="4727caccc1132b43"/>
                    <NODEREF NODE="4d4628e49467afc6"/>
                </SPAN>
            </SPANS>
        </WIRE>
        <WIRE NAME="LoadPC" COLOR="#FF0000">
            <STROKE/>
            <NODES>
                <SUBPIN ID="6c11e215947cd4c8" SUBCOMPONENT="Branch AND" PIN="LoadPC"/>
                <SUBPIN ID="6e39ae0ffeb160b2" SUBCOMPONENT="PC" PIN="LOAD"/>
                <SPLIT ID="67daf7690decd002" POSX="575.0" POSY="180.0"/>
                <SPLIT ID="f929f73ca558671e" POSX="575.0" POSY="0.0"/>
                <SPLIT ID="1696624cb0095448" POSX="15.0" POSY="0.0"/>
                <SPLIT ID="8efa714f52e15af" POSX="455.0" POSY="0.0"/>
                <SPLIT ID="622649c43e3e959b" POSX="575.0" POSY="180.0">
                    <PROBE POSX="0.0" POSY="0.0" HALIGN="CENTER" VALIGN="CENTER"/>
                </SPLIT>
                <SPLIT ID="f736e7cee38146f2" POSX="15.0" POSY="195.0">
                    <PROBE POSX="0.0" POSY="0.0" HALIGN="CENTER" VALIGN="CENTER"/>
                </SPLIT>
            </NODES>
            <SPANS>
                <SPAN>
                    <NODEREF NODE="6c11e215947cd4c8"/>
                    <NODEREF NODE="622649c43e3e959b"/>
                    <NODEREF NODE="67daf7690decd002"/>
                    <NODEREF NODE="f929f73ca558671e"/>
                    <NODEREF NODE="8efa714f52e15af"/>
                    <NODEREF NODE="1696624cb0095448"/>
                    <NODEREF NODE="f736e7cee38146f2"/>
                    <NODEREF NODE="6e39ae0ffeb160b2"/>
                </SPAN>
            </SPANS>
        </WIRE>
        <WIRE NAME="Data from Memory" COLOR="#000000">
            <STROKE LINEWIDTH="2.0"/>
            <NODES>
                <SUBPIN ID="b5f3c1be00c1e8bc"
                    SUBCOMPONENT="RegWrite Multiplexor" PIN="In1"/>
                <SUBPIN ID="b55c8d7500abcd12" SUBCOMPONENT="Data Memory" PIN="ReadData"/>
                <SPLIT ID="ef2ce1e1e7a99a17" POSX="645.0" POSY="350.0"/>
                <SPLIT ID="3fb825eb619d012e" POSX="645.0" POSY="265.0"/>
                <SPLIT ID="2b1cba20618a2541" POSX="645.0" POSY="265.0">
                    <PROBE POSX="0.0" POSY="0.0" HALIGN="CENTER" VALIGN="CENTER"/>
                </SPLIT>
            </NODES>
            <SPANS>
                <SPAN>
                    <NODEREF NODE="b5f3c1be00c1e8bc"/>
                    <NODEREF NODE="ef2ce1e1e7a99a17"/>
                    <NODEREF NODE="3fb825eb619d012e"/>
                    <NODEREF NODE="2b1cba20618a2541"/>
                    <NODEREF NODE="b55c8d7500abcd12"/>
                </SPAN>
            </SPANS>
        </WIRE>
        <WIRE NAME="Branch Destination" COLOR="#000000">
            <STROKE LINEWIDTH="2.0"/>
            <NODES>
                <SPLIT ID="24db34b85a984807" POSX="-10.0" POSY="80.0"/>
                <SPLIT ID="18a9c2a1e863511a" POSX="450.0" POSY="120.0"/>
                <SPLIT ID="b9d72a68d8e4d123" POSX="-10.0" POSY="230.0"/>
                <SPLIT ID="ec310ab97ba3dd9b" POSX="450.0" POSY="80.0"/>
                <SUBPIN ID="2d175c5a168dbc32" SUBCOMPONENT="PC" PIN="In"/>
                <SUBPIN ID="5a8116f1b898b82" SUBCOMPONENT="Branch Adder" PIN="Sum"/>
                <SPLIT ID="96e016e3e0350ef0" POSX="340.0" POSY="80.0">
                    <PROBE POSX="0.0" POSY="0.0" HALIGN="CENTER" VALIGN="CENTER"/>
                </SPLIT>
            </NODES>
            <SPANS>
                <SPAN>
                    <NODEREF NODE="2d175c5a168dbc32"/>
                    <NODEREF NODE="b9d72a68d8e4d123"/>
                    <NODEREF NODE="24db34b85a984807"/>
                    <NODEREF NODE="96e016e3e0350ef0"/>
                    <NODEREF NODE="ec310ab97ba3dd9b"/>
                    <NODEREF NODE="18a9c2a1e863511a"/>
                    <NODEREF NODE="5a8116f1b898b82"/>
                </SPAN>
            </SPANS>
        </WIRE>
        <WIRE NAME="Clock" COLOR="#000000">
            <STROKE/>
            <NODES>
                <MAINPIN ID="63d9c22b3bee9f43" PIN="Clock"/>
                <SUBPIN ID="6eae880ed49f43b3" SUBCOMPONENT="Clock" PIN="Clock"/>
            </NODES>
            <SPANS>
                <SPAN>
                    <NODEREF NODE="6eae880ed49f43b3"/>
                    <NODEREF NODE="63d9c22b3bee9f43"/>
                </SPAN>
            </SPANS>
        </WIRE>
        <WIRE NAME="Wire" COLOR="#FF0000">
            <STROKE/>
            <NODES>
                <SUBPIN ID="3928fb6dcdc18e8c" SUBCOMPONENT="XOR Gate" PIN="Out"/>
                <SUBPIN ID="9fc2776603d9dec2" SUBCOMPONENT="Branch AND" PIN="In1"/>
                <SPLIT ID="efa83fc000cdc14" POSX="525.0" POSY="185.0">
                    <PROBE POSX="0.0" POSY="0.0" HALIGN="CENTER" VALIGN="CENTER"/>
                </SPLIT>
            </NODES>
            <SPANS>
                <SPAN>
                    <NODEREF NODE="3928fb6dcdc18e8c"/>
                    <NODEREF NODE="efa83fc000cdc14"/>
                    <NODEREF NODE="9fc2776603d9dec2"/>
                </SPAN>
            </SPANS>
        </WIRE>
        <WIRE NAME="Wire (2)" COLOR="#FF0000">
            <STROKE/>
            <NODES>
                <SUBPIN ID="c7fba5eaf5f547a7" SUBCOMPONENT="ALU" PIN="Zero"/>
                <SUBPIN ID="d489c2d7c8269554" SUBCOMPONENT="XOR Gate" PIN="In1"/>
                <SPLIT ID="9f42dd545697c076" POSX="470.0" POSY="220.0"/>
                <SPLIT ID="c31e2978089d32b6" POSX="470.0" POSY="190.0"/>
                <SPLIT ID="3a391c100f26fbf9" POSX="470.0" POSY="220.0">
                    <PROBE POSX="0.0" POSY="0.0" HALIGN="CENTER" VALIGN="CENTER"/>
                </SPLIT>
            </NODES>
            <SPANS>
                <SPAN>
                    <NODEREF NODE="c7fba5eaf5f547a7"/>
                    <NODEREF NODE="9f42dd545697c076"/>
                    <NODEREF NODE="3a391c100f26fbf9"/>
                    <NODEREF NODE="c31e2978089d32b6"/>
                    <NODEREF NODE="d489c2d7c8269554"/>
                </SPAN>
            </SPANS>
        </WIRE>
        <WIRE NAME="Wire (3)" COLOR="#FF0000">
            <STROKE/>
            <NODES>
                <SUBPIN ID="6361e0a61ef505e9" SUBCOMPONENT="XOR Gate" PIN="In0"/>
                <SUBPIN ID="eb73e5ceccbbd00b" SUBCOMPONENT="Control" PIN="Invert"/>
                <SPLIT ID="cd738aef7d383156" POSX="470.0" POSY="180.0"/>
                <SPLIT ID="6bfed7906d30ceef" POSX="470.0" POSY="40.0"/>
                <SPLIT ID="45d4006befc448b5" POSX="240.0" POSY="40.0">
                    <PROBE POSX="0.0" POSY="0.0" HALIGN="CENTER" VALIGN="CENTER"/>
                </SPLIT>
                <SPLIT ID="b71c75c3e1d6a748" POSX="470.0" POSY="140.0">
                    <PROBE POSX="0.0" POSY="0.0" HALIGN="CENTER" VALIGN="CENTER"/>
                </SPLIT>
            </NODES>
            <SPANS>
                <SPAN>
                    <NODEREF NODE="6361e0a61ef505e9"/>
                    <NODEREF NODE="cd738aef7d383156"/>
                    <NODEREF NODE="b71c75c3e1d6a748"/>
                    <NODEREF NODE="6bfed7906d30ceef"/>
                    <NODEREF NODE="45d4006befc448b5"/>
                    <NODEREF NODE="eb73e5ceccbbd00b"/>
                </SPAN>
            </SPANS>
        </WIRE>
    </WIRES>
</COMPLEX>
